"game","airdate"
"1","2004-09-06"
"2","2004-09-17"
"3","2005-01-06"
"4","2001-10-12"
"5","2001-10-15"
"6","2001-10-16"
"7","2001-10-17"
"8","2001-10-18"
"9","2001-10-19"
"10","2000-07-12"
"11","2001-10-22"
"12","2001-10-23"
"13","2001-10-24"
"14","1987-11-17"
"15","2001-10-26"
"16","2000-07-13"
"17","2000-07-14"
"18","2006-06-05"
"19","2006-06-06"
"20","2000-07-05"
"21","2000-07-19"
"22","2006-06-07"
"23","2000-07-04"
"24","2006-06-08"
"25","2005-01-07"
"26","2001-10-29"
"27","2001-10-30"
"28","1990-09-08"
"29","2006-06-09"
"30","2006-06-12"
"31","2000-07-20"
"32","2001-11-05"
"33","2001-11-06"
"34","2001-11-07"
"35","2001-11-08"
"36","2005-01-10"
"37","2001-11-09"
"38","2001-11-12"
"45","2006-06-13"
"46","2000-07-21"
"47","2005-01-11"
"48","2006-06-14"
"49","2006-06-15"
"50","1999-01-12"
"51","2006-06-16"
"52","1999-01-13"
"53","1996-06-21"
"54","1999-01-14"
"55","1999-01-15"
"56","2006-06-19"
"57","1999-01-18"
"58","1987-11-18"
"59","1999-01-19"
"60","2006-06-20"
"61","2006-06-21"
"62","1996-06-24"
"63","1999-01-20"
"64","2001-11-21"
"65","2001-11-22"
"66","2001-11-23"
"67","2006-06-22"
"68","1999-01-21"
"69","2005-01-12"
"70","2006-06-23"
"71","1999-01-22"
"72","2001-11-26"
"73","2001-11-27"
"74","2001-11-28"
"75","2001-11-29"
"76","2001-11-30"
"77","1999-01-25"
"78","2006-06-26"
"79","1999-01-26"
"80","2005-01-13"
"81","1996-06-25"
"82","2006-06-27"
"83","2001-12-03"
"84","2001-12-04"
"85","2001-12-05"
"86","2001-12-06"
"87","2001-12-07"
"88","1999-01-27"
"89","2006-06-28"
"90","1999-01-28"
"91","2005-01-14"
"92","2006-06-29"
"93","1999-01-29"
"94","2006-06-30"
"95","2001-12-10"
"96","2001-12-11"
"97","2001-12-12"
"98","2001-12-13"
"99","2001-12-14"
"102","2005-01-17"
"104","2001-12-20"
"106","1999-02-01"
"107","2002-05-21"
"108","2002-05-22"
"111","1999-02-02"
"112","2006-07-03"
"113","2004-09-20"
"114","2005-01-18"
"115","2002-04-30"
"116","2002-05-16"
"117","2002-05-17"
"118","2002-05-20"
"119","1999-02-03"
"120","1999-02-04"
"121","2006-07-04"
"122","2006-07-05"
"123","1999-02-05"
"124","1999-02-08"
"125","2005-01-19"
"126","2006-07-07"
"127","2006-07-06"
"128","1999-02-09"
"129","1999-02-10"
"130","2006-07-10"
"131","1999-02-11"
"132","2006-07-11"
"133","1999-02-12"
"134","2006-07-12"
"135","1999-02-15"
"136","1987-11-19"
"140","2001-12-27"
"142","2006-07-13"
"143","1999-02-16"
"144","1999-02-17"
"145","1999-02-18"
"146","1999-02-19"
"147","2005-01-20"
"148","2006-07-14"
"158","2005-01-21"
"159","2002-01-04"
"160","1997-09-26"
"161","1997-09-29"
"162","1997-09-30"
"163","1997-10-01"
"164","1997-10-02"
"165","1997-10-03"
"166","1997-10-06"
"167","1997-10-09"
"168","1997-10-10"
"169","1987-11-20"
"175","1996-09-02"
"176","2006-07-17"
"177","2006-07-18"
"178","2006-07-19"
"179","2002-05-27"
"180","1986-01-13"
"181","2002-05-28"
"182","2002-05-29"
"183","2002-05-30"
"184","2002-05-31"
"185","2006-07-20"
"191","2005-01-24"
"192","2006-07-21"
"193","2006-07-24"
"194","2006-07-25"
"195","2006-07-26"
"196","2006-07-27"
"197","2006-07-28"
"198","1997-10-31"
"199","1997-11-24"
"200","1997-11-25"
"201","1997-11-26"
"202","2005-01-25"
"208","2003-06-13"
"209","1998-02-05"
"210","1998-02-06"
"211","2003-06-16"
"212","1998-02-10"
"213","1996-11-27"
"214","1998-02-11"
"215","1998-02-16"
"216","1998-02-17"
"217","1998-02-18"
"218","1998-02-19"
"219","1998-02-20"
"220","1998-02-23"
"221","1998-03-04"
"222","1998-03-05"
"223","1998-03-06"
"224","2004-09-21"
"225","2005-01-26"
"226","1998-03-09"
"227","1998-03-02"
"228","1998-05-18"
"229","1998-05-19"
"230","1998-05-21"
"231","1998-05-22"
"232","1998-05-26"
"233","1998-05-27"
"234","1998-05-28"
"235","1998-05-29"
"236","1994-11-22"
"237","1998-06-01"
"238","1998-06-02"
"239","1990-08-04"
"240","1998-04-08"
"241","1997-12-12"
"242","1997-12-15"
"243","1997-12-16"
"244","1997-12-17"
"247","2005-01-27"
"251","1996-01-15"
"252","1997-12-18"
"253","1997-12-19"
"254","1997-12-22"
"255","1997-12-23"
"256","1997-12-24"
"257","1997-12-25"
"258","2005-01-28"
"259","1997-12-26"
"260","1997-12-29"
"261","2006-09-11"
"262","2006-09-12"
"263","2006-09-13"
"264","2006-09-14"
"265","2006-09-15"
"266","1997-10-13"
"267","1997-10-14"
"268","1997-10-15"
"269","1992-11-20"
"270","1997-10-16"
"271","1997-10-17"
"272","1997-10-20"
"273","1997-10-21"
"274","1997-10-22"
"275","1997-10-23"
"276","1997-10-24"
"277","1997-10-27"
"278","1997-10-28"
"279","1997-10-29"
"280","1992-11-19"
"281","1997-10-30"
"282","2006-09-18"
"283","2006-09-19"
"284","2006-09-20"
"285","2006-09-21"
"286","2006-09-22"
"287","2006-09-25"
"288","2006-09-26"
"289","2000-10-03"
"290","1997-11-03"
"291","1989-11-14"
"292","1997-11-04"
"293","1997-11-05"
"294","2006-09-27"
"295","2006-09-28"
"296","1997-11-06"
"297","1997-11-07"
"298","2006-09-29"
"299","1997-11-10"
"300","1997-11-11"
"301","1997-11-12"
"302","2005-01-31"
"303","1997-11-13"
"304","1997-11-14"
"305","2006-10-02"
"306","2006-10-03"
"307","2006-10-04"
"308","2001-04-10"
"309","2006-10-05"
"310","2006-10-06"
"311","2000-10-11"
"312","2001-06-01"
"313","1990-01-15"
"314","2001-06-04"
"315","2001-06-05"
"316","2001-06-06"
"317","2001-06-07"
"318","2001-06-08"
"319","2001-06-11"
"320","2006-10-09"
"321","2006-10-10"
"322","2006-10-11"
"323","2006-10-12"
"324","2005-02-01"
"325","2006-10-13"
"326","2001-05-22"
"327","2006-10-16"
"328","2000-05-08"
"329","2006-10-17"
"330","2000-05-09"
"331","2006-10-18"
"332","2000-05-10"
"333","2000-05-12"
"334","2006-10-19"
"335","2004-09-22"
"336","2005-02-02"
"337","2000-05-15"
"338","2006-10-20"
"339","2000-05-16"
"340","2000-05-17"
"341","2000-05-18"
"342","2000-05-19"
"343","1999-02-26"
"344","2006-10-23"
"345","2006-10-24"
"346","1983-09-18"
"347","1991-02-04"
"348","2006-10-25"
"349","2000-05-22"
"350","2000-05-23"
"351","2000-05-24"
"352","2000-05-26"
"353","2000-05-30"
"354","2000-05-25"
"355","1984-01-01"
"356","2006-10-26"
"357","2006-10-27"
"358","1991-02-20"
"359","2006-10-30"
"360","2006-10-31"
"361","2006-11-01"
"362","1997-03-12"
"363","1997-03-13"
"364","1997-03-14"
"365","1997-03-17"
"366","1997-03-18"
"367","1997-03-19"
"368","1997-03-20"
"369","2005-02-03"
"370","1997-03-21"
"371","1997-03-24"
"372","1997-03-25"
"373","1997-03-26"
"374","2006-11-02"
"375","1987-04-21"
"376","1987-04-22"
"377","1987-04-23"
"378","1987-04-24"
"379","1987-04-27"
"380","1992-11-12"
"381","2006-11-03"
"382","2003-01-07"
"383","1988-01-11"
"384","1988-01-12"
"385","1988-01-13"
"386","1988-01-14"
"387","1988-01-15"
"388","1990-06-16"
"389","1990-06-30"
"390","1990-07-28"
"391","2005-02-04"
"392","2006-11-06"
"393","2006-11-07"
"394","2003-05-05"
"395","2003-05-06"
"396","2003-05-07"
"397","2003-05-08"
"398","2003-05-09"
"399","2003-05-12"
"400","2003-05-13"
"401","2003-05-14"
"402","1989-09-12"
"403","2003-05-15"
"404","2003-05-16"
"405","1992-10-26"
"406","2006-11-08"
"407","2006-11-09"
"408","2006-11-10"
"409","1997-03-27"
"410","1997-03-28"
"411","1997-03-31"
"412","1997-04-02"
"413","2000-10-30"
"414","1997-04-03"
"415","1997-04-04"
"416","1997-04-07"
"417","1997-04-08"
"418","1997-04-09"
"419","1997-04-10"
"420","1997-04-11"
"421","1997-04-14"
"422","2006-11-13"
"423","2006-11-14"
"424","2000-10-31"
"425","2006-11-15"
"426","2006-11-16"
"427","2006-11-17"
"428","2006-11-20"
"429","2006-11-21"
"435","2005-02-07"
"436","2006-11-22"
"437","2006-11-23"
"438","2006-11-24"
"439","1997-04-16"
"440","1997-04-17"
"441","1997-04-18"
"442","1997-04-21"
"443","1997-04-22"
"444","1997-04-23"
"445","1997-04-24"
"446","2004-09-23"
"447","2000-11-01"
"448","1997-04-25"
"449","1997-05-05"
"450","1997-05-06"
"451","1997-05-07"
"452","2006-11-27"
"453","2006-11-28"
"454","2006-11-29"
"455","2006-11-30"
"456","1993-11-15"
"457","2006-12-01"
"458","2005-02-08"
"459","1993-11-16"
"460","1993-11-17"
"469","2005-02-09"
"472","1993-11-18"
"473","1993-11-19"
"474","2006-12-04"
"475","2006-12-05"
"476","1993-11-22"
"477","1993-11-23"
"478","1993-11-24"
"479","1993-11-25"
"480","1997-09-19"
"481","1993-11-26"
"482","2006-12-06"
"483","2006-12-07"
"484","2006-12-08"
"490","1994-11-24"
"491","2005-02-10"
"492","1994-11-25"
"493","2002-02-25"
"494","2002-02-26"
"498","2006-12-11"
"499","2006-12-12"
"500","2006-12-13"
"502","2000-11-02"
"503","2002-03-05"
"504","2002-03-06"
"505","2002-03-07"
"506","2002-03-08"
"507","2006-12-14"
"508","2006-12-15"
"509","2002-06-03"
"510","2002-06-04"
"511","2002-06-05"
"512","2002-06-06"
"513","2005-02-11"
"514","2002-06-07"
"515","1997-05-12"
"516","1997-05-13"
"517","2006-12-18"
"518","2002-06-10"
"519","2002-06-11"
"520","2002-06-12"
"521","2002-06-13"
"522","2002-06-14"
"523","2006-12-19"
"524","2000-11-03"
"525","1997-05-14"
"527","1997-05-16"
"528","1997-05-19"
"529","1997-05-20"
"530","1997-05-21"
"531","1997-05-22"
"532","1997-05-23"
"533","2006-12-20"
"534","2006-12-21"
"535","1993-11-29"
"536","2006-12-22"
"537","1991-04-08"
"538","1991-04-09"
"539","2006-12-25"
"540","2001-03-30"
"541","2001-04-02"
"542","2001-04-03"
"543","2001-04-04"
"544","2001-04-05"
"545","2001-04-06"
"546","2005-02-14"
"547","2001-04-09"
"548","2001-04-11"
"549","2001-04-12"
"550","2001-04-13"
"551","2001-04-16"
"552","2006-12-26"
"553","2006-12-27"
"554","2006-12-28"
"555","2006-12-29"
"556","2001-03-28"
"557","2004-09-24"
"558","1993-11-30"
"559","2001-03-29"
"560","2007-01-01"
"561","2007-01-02"
"562","2001-03-08"
"563","2001-03-09"
"564","2001-03-13"
"565","2001-03-14"
"566","2001-03-15"
"567","2001-03-16"
"568","2001-03-19"
"569","2005-02-15"
"570","2001-03-20"
"571","2001-03-21"
"572","2001-03-22"
"573","2001-03-23"
"574","2001-03-26"
"575","2001-03-27"
"576","2007-01-03"
"577","2004-06-03"
"578","2007-01-04"
"579","2002-09-02"
"580","1993-12-01"
"581","2001-04-17"
"582","2001-04-18"
"583","2001-04-19"
"584","2001-04-20"
"585","2001-04-23"
"586","2001-04-24"
"587","2001-04-25"
"588","2001-04-26"
"589","2001-04-27"
"590","2001-04-30"
"591","2005-02-16"
"592","2001-05-01"
"593","2001-05-02"
"594","2001-05-03"
"595","2001-05-04"
"596","2001-05-07"
"597","2001-05-08"
"598","2001-05-09"
"599","2001-05-10"
"600","2001-05-11"
"601","2004-06-04"
"602","1993-12-02"
"603","2002-06-17"
"606","2002-06-20"
"613","2005-02-17"
"614","2007-01-05"
"615","2004-06-07"
"616","2004-06-08"
"617","2001-05-14"
"618","2001-05-15"
"619","2001-05-16"
"620","2001-05-17"
"621","2001-05-18"
"622","2001-05-21"
"623","2001-05-23"
"624","1993-12-03"
"625","2001-05-24"
"626","2001-05-25"
"627","2001-05-29"
"628","2001-05-30"
"629","2001-06-12"
"630","2001-06-13"
"631","2001-06-14"
"632","2001-06-15"
"633","2001-06-18"
"634","2001-06-19"
"635","1996-04-01"
"636","2001-06-20"
"637","2001-06-21"
"638","2001-06-25"
"639","2001-06-26"
"640","2001-06-27"
"641","2001-06-28"
"642","2004-06-09"
"643","2003-05-01"
"644","2001-06-29"
"645","2001-07-02"
"646","2005-02-18"
"647","2001-07-03"
"648","2001-07-04"
"649","2001-07-09"
"650","2001-07-10"
"651","2001-07-11"
"652","2001-07-19"
"653","2001-07-20"
"654","2004-06-10"
"655","2001-02-12"
"656","2001-02-13"
"657","1988-11-07"
"658","2001-02-14"
"659","2001-02-15"
"660","2001-02-16"
"661","2001-02-19"
"662","2004-06-11"
"663","2001-02-20"
"664","2001-02-21"
"665","2001-02-22"
"666","2001-02-23"
"667","2001-02-26"
"668","2004-09-27"
"669","1988-11-08"
"670","2001-02-27"
"671","2001-02-28"
"672","2001-03-01"
"673","2001-03-02"
"674","2001-03-05"
"675","2001-03-06"
"676","2001-03-07"
"677","2007-01-08"
"678","2007-01-09"
"679","2002-09-18"
"680","2005-02-21"
"681","2004-06-14"
"682","2004-06-15"
"683","2004-06-16"
"684","2004-06-17"
"685","2007-01-10"
"686","1999-10-21"
"687","1999-10-22"
"688","1999-10-25"
"689","1999-10-26"
"690","2004-06-18"
"691","2005-02-22"
"692","2007-01-11"
"693","2007-01-12"
"694","2002-07-02"
"695","1999-10-07"
"696","1999-10-08"
"697","1999-10-11"
"698","1999-10-12"
"699","1999-10-14"
"700","1999-10-15"
"701","1999-10-18"
"702","2005-02-23"
"703","1999-10-19"
"704","2007-01-15"
"705","2007-01-16"
"706","2000-03-14"
"707","2000-03-15"
"708","2000-03-16"
"709","2000-03-17"
"710","2007-01-17"
"711","2007-01-18"
"712","1999-10-13"
"713","1988-11-09"
"714","2007-01-19"
"715","2007-01-22"
"716","2007-01-23"
"717","2000-02-24"
"718","2000-02-25"
"719","2000-02-28"
"720","2000-02-29"
"721","2000-03-01"
"722","2000-03-02"
"723","2000-03-03"
"724","1989-11-27"
"725","2000-03-06"
"726","2000-03-07"
"727","2000-03-08"
"728","2000-03-09"
"729","2000-03-10"
"730","2007-01-24"
"733","2007-01-25"
"734","2007-01-26"
"735","2005-02-24"
"737","2002-07-09"
"740","2002-07-12"
"746","1988-11-10"
"747","1989-05-23"
"748","1989-05-24"
"749","1989-05-25"
"750","1989-05-26"
"751","1989-05-29"
"752","2007-01-29"
"753","2007-01-30"
"754","2007-01-31"
"755","2007-02-01"
"756","1990-05-08"
"757","2005-02-25"
"758","1990-05-10"
"759","2007-02-02"
"761","1990-05-09"
"762","1990-05-11"
"763","1990-05-14"
"764","1990-05-15"
"765","1990-05-16"
"766","1990-05-17"
"767","1990-05-18"
"768","1988-11-11"
"769","2007-02-05"
"770","1993-06-28"
"771","1993-06-29"
"772","1993-06-30"
"773","1993-07-01"
"774","1993-07-02"
"775","1993-07-05"
"776","1993-07-06"
"777","2007-02-06"
"778","2007-02-07"
"779","2004-09-28"
"780","1988-11-15"
"781","2007-02-08"
"782","2007-02-09"
"783","1999-09-20"
"784","1999-09-21"
"785","1999-09-22"
"786","1999-09-23"
"787","1999-09-24"
"788","1999-09-27"
"789","1999-09-28"
"790","1999-09-29"
"791","1988-11-14"
"792","1999-09-30"
"793","1999-10-01"
"794","1999-10-04"
"795","1999-10-05"
"796","1999-10-06"
"797","2007-02-12"
"798","2007-02-13"
"799","2007-02-14"
"800","2002-03-11"
"801","2002-03-12"
"802","2005-02-28"
"813","1984-09-10"
"823","2002-04-09"
"824","1984-09-11"
"826","2002-04-11"
"827","2002-04-12"
"828","2002-04-15"
"834","2002-04-23"
"835","2005-03-02"
"839","2002-04-29"
"840","2007-02-15"
"841","2007-02-16"
"842","1987-02-16"
"843","2007-02-19"
"844","2007-02-20"
"845","2007-02-21"
"846","2005-03-01"
"847","2007-02-22"
"848","2007-02-23"
"849","2007-02-26"
"850","2007-02-27"
"851","2007-02-28"
"852","2007-03-01"
"853","2007-03-02"
"854","2007-03-05"
"855","2007-03-06"
"856","2007-03-07"
"857","1984-09-12"
"858","2007-03-08"
"859","2007-03-09"
"860","2007-03-12"
"861","2007-03-13"
"862","2007-03-14"
"863","2007-03-15"
"864","2007-03-16"
"865","1992-10-27"
"866","2001-02-09"
"867","2007-03-19"
"868","1988-11-16"
"869","2007-03-20"
"870","2007-03-21"
"871","2007-03-23"
"872","2007-03-22"
"873","2007-03-26"
"874","2007-03-27"
"875","2007-03-28"
"876","2007-03-29"
"877","2007-03-30"
"878","2000-09-04"
"879","1984-09-13"
"880","2000-09-05"
"881","2007-04-02"
"882","2007-04-03"
"883","2007-04-04"
"884","2007-04-05"
"885","2007-04-06"
"886","2007-04-09"
"887","2007-04-10"
"888","2007-04-11"
"889","2007-04-12"
"890","2004-09-29"
"891","1984-09-14"
"892","2007-04-13"
"893","2007-04-16"
"894","2007-04-17"
"895","2007-04-18"
"896","2007-04-19"
"897","2007-04-20"
"898","2000-09-06"
"899","2000-09-07"
"900","2000-09-08"
"901","2000-09-11"
"902","1988-11-17"
"903","2007-04-23"
"904","2007-04-24"
"905","2000-09-12"
"906","2007-04-25"
"907","2007-04-26"
"908","2000-09-13"
"909","2000-09-14"
"910","2007-04-27"
"911","2000-09-15"
"912","2000-04-28"
"913","1988-11-18"
"914","2000-05-01"
"915","2000-05-02"
"916","2000-05-03"
"917","2000-05-04"
"918","2000-05-05"
"919","2000-09-18"
"920","2000-09-19"
"921","2000-09-20"
"922","2007-04-30"
"923","2007-05-01"
"924","2005-03-03"
"925","2000-09-21"
"926","2000-09-22"
"927","2007-05-02"
"928","2000-09-25"
"929","2000-09-26"
"930","2007-05-03"
"931","2000-09-27"
"932","2000-09-28"
"933","2007-05-04"
"934","2000-09-29"
"935","1997-07-18"
"936","2000-10-09"
"937","2000-10-10"
"938","2007-05-07"
"939","2000-10-12"
"940","2007-05-08"
"941","2000-10-13"
"942","2007-05-09"
"943","2000-10-16"
"944","2000-10-17"
"945","2000-10-18"
"946","2005-03-04"
"947","2007-05-10"
"948","2007-05-11"
"949","2000-10-19"
"950","2000-10-20"
"951","2000-10-23"
"952","2000-10-24"
"953","2007-05-14"
"954","2000-10-25"
"955","2007-05-15"
"956","2000-10-26"
"957","1996-04-09"
"958","2007-05-16"
"959","2000-10-27"
"960","2000-07-17"
"961","2000-07-18"
"962","2007-05-17"
"963","2007-05-18"
"964","2000-11-06"
"965","2000-11-07"
"966","2007-05-21"
"967","2007-05-22"
"968","1996-04-10"
"969","2007-05-23"
"970","2007-05-24"
"971","2007-05-25"
"972","2000-11-22"
"973","2007-05-28"
"974","2007-05-29"
"975","2000-11-23"
"976","2000-11-24"
"977","2007-05-30"
"978","2007-05-31"
"979","1999-04-28"
"980","2007-06-01"
"981","1997-11-28"
"982","1997-12-01"
"983","2007-06-04"
"984","2007-06-05"
"985","1997-12-02"
"986","2007-06-06"
"987","1997-12-03"
"988","1997-12-04"
"989","1997-12-05"
"990","2005-03-07"
"991","1997-12-08"
"992","1997-12-09"
"993","1997-12-10"
"994","1997-12-11"
"995","2007-06-08"
"996","2007-06-07"
"997","1994-03-22"
"998","2007-06-11"
"999","2007-06-12"
"1000","1998-01-06"
"1001","2004-09-30"
"1002","1996-11-28"
"1003","1998-01-07"
"1004","1998-01-08"
"1005","2007-06-13"
"1006","2007-06-14"
"1007","1998-01-09"
"1008","2007-06-15"
"1009","1998-01-12"
"1010","1998-01-13"
"1011","1998-01-14"
"1012","2007-06-18"
"1013","1998-02-24"
"1014","1998-01-15"
"1015","2007-06-19"
"1016","1998-01-16"
"1017","1998-01-19"
"1018","1998-01-20"
"1019","2007-06-20"
"1020","1998-01-21"
"1021","1998-01-22"
"1022","1998-01-26"
"1023","1998-01-27"
"1024","1998-02-25"
"1025","1998-01-28"
"1026","2007-06-22"
"1027","2007-06-21"
"1028","2007-06-25"
"1029","2007-06-26"
"1030","1998-06-24"
"1031","2007-06-27"
"1032","1998-06-15"
"1033","1998-06-16"
"1034","2007-06-28"
"1035","2005-03-08"
"1036","1998-06-17"
"1037","2007-06-29"
"1038","1998-06-18"
"1039","1990-06-23"
"1040","1998-06-22"
"1041","1998-06-23"
"1042","1990-07-21"
"1043","1999-06-28"
"1044","2007-07-02"
"1045","2007-07-03"
"1046","1998-02-26"
"1047","1990-08-11"
"1048","1998-06-03"
"1049","1998-06-04"
"1050","1998-06-08"
"1051","1998-06-09"
"1052","1998-06-10"
"1053","1998-06-11"
"1054","2007-07-05"
"1055","2007-07-04"
"1056","2007-07-06"
"1057","1996-11-29"
"1058","2007-07-09"
"1059","2007-07-10"
"1060","1998-06-25"
"1061","1998-06-26"
"1062","1998-06-29"
"1063","1998-06-30"
"1064","1998-07-02"
"1065","1998-07-03"
"1066","1998-07-06"
"1067","1998-07-07"
"1068","1998-02-27"
"1069","1998-07-08"
"1070","1998-07-09"
"1071","1998-07-10"
"1072","1998-07-13"
"1073","1998-07-14"
"1074","1998-07-15"
"1075","1998-07-16"
"1076","2007-07-12"
"1077","2007-07-13"
"1078","2007-07-11"
"1079","1995-11-23"
"1080","1990-08-18"
"1081","2007-07-16"
"1082","2007-07-17"
"1083","2007-07-18"
"1084","1998-04-10"
"1085","1998-04-13"
"1086","1998-04-14"
"1087","1998-04-17"
"1088","1998-04-22"
"1089","1998-04-23"
"1090","2005-03-09"
"1091","1998-04-24"
"1092","2007-07-19"
"1093","1990-08-25"
"1094","2007-07-20"
"1095","2007-07-23"
"1096","1990-09-01"
"1097","2007-07-24"
"1098","2007-07-25"
"1099","2007-07-26"
"1100","2007-07-27"
"1101","1998-03-03"
"1102","1991-11-04"
"1103","1986-04-22"
"1104","1986-04-23"
"1105","1991-11-05"
"1106","1998-06-19"
"1107","1990-02-01"
"1108","1991-11-06"
"1109","1991-11-07"
"1110","1991-11-14"
"1111","1991-11-15"
"1112","2004-09-07"
"1113","2004-10-01"
"1114","2005-03-10"
"1115","1999-12-27"
"1116","1999-12-28"
"1117","1999-12-29"
"1118","1999-12-30"
"1119","1997-11-27"
"1120","1999-12-31"
"1121","2000-01-03"
"1122","2000-01-04"
"1123","2000-01-05"
"1124","2000-01-06"
"1125","1998-03-17"
"1126","2000-01-07"
"1127","2000-01-10"
"1128","2000-01-11"
"1129","1996-09-05"
"1130","2000-01-12"
"1131","2001-03-12"
"1132","2000-01-13"
"1133","2000-01-14"
"1134","2000-01-17"
"1135","2000-01-18"
"1136","2005-03-11"
"1137","2000-01-19"
"1138","2000-01-20"
"1139","2000-01-21"
"1140","2001-06-22"
"1141","2000-01-24"
"1142","2000-01-25"
"1143","2000-01-26"
"1144","2000-01-27"
"1145","2000-01-28"
"1146","2000-01-31"
"1147","1998-03-18"
"1148","2000-02-01"
"1149","2000-02-02"
"1150","2000-02-03"
"1151","2000-02-04"
"1152","2000-02-21"
"1153","2000-02-22"
"1154","2000-02-23"
"1155","2003-09-08"
"1156","1999-09-13"
"1157","2003-07-18"
"1158","2000-07-06"
"1159","1999-09-14"
"1160","1999-09-15"
"1161","1999-09-16"
"1162","1999-09-17"
"1163","1999-07-22"
"1164","1999-07-23"
"1165","2000-03-20"
"1166","2000-03-21"
"1167","2000-03-22"
"1168","2000-03-23"
"1169","1998-03-19"
"1170","2000-03-24"
"1171","2000-03-27"
"1172","1996-09-06"
"1173","2007-09-10"
"1174","2000-03-28"
"1175","2007-09-11"
"1176","2000-03-29"
"1177","2000-03-30"
"1178","2000-03-31"
"1179","2007-09-12"
"1180","1999-10-20"
"1181","2000-04-03"
"1182","2007-09-13"
"1183","2000-04-04"
"1184","2007-09-14"
"1185","2000-04-05"
"1186","2000-04-06"
"1187","2007-09-17"
"1188","2007-09-18"
"1189","2000-04-07"
"1190","2000-04-10"
"1191","2005-03-14"
"1192","2007-09-19"
"1193","2000-04-11"
"1194","2007-09-20"
"1195","2000-04-12"
"1196","2000-04-13"
"1197","2007-09-21"
"1198","2000-04-14"
"1199","2000-04-17"
"1200","2007-09-24"
"1201","2000-04-18"
"1202","2005-03-15"
"1203","2000-04-19"
"1204","2007-09-25"
"1205","2000-04-20"
"1206","2000-04-21"
"1207","2000-04-24"
"1208","2007-09-26"
"1209","2007-09-27"
"1210","2000-04-25"
"1211","2000-04-26"
"1212","2000-04-27"
"1213","1998-03-16"
"1214","2007-09-28"
"1215","2000-05-31"
"1216","2007-10-01"
"1217","2000-06-01"
"1218","2007-10-02"
"1219","2000-06-02"
"1220","2007-10-03"
"1221","2000-06-05"
"1222","2000-06-06"
"1223","2000-06-07"
"1224","2004-10-04"
"1225","1998-03-10"
"1226","2007-10-05"
"1227","2000-06-08"
"1228","2007-10-04"
"1229","2000-06-09"
"1230","2000-06-12"
"1231","2007-10-08"
"1232","2000-06-13"
"1233","2007-10-09"
"1234","2000-06-14"
"1235","2007-10-10"
"1236","1998-03-11"
"1237","2000-06-15"
"1238","2000-06-16"
"1239","2000-06-19"
"1240","2000-06-20"
"1241","2000-06-21"
"1242","2000-06-22"
"1243","2000-06-23"
"1244","2000-06-26"
"1245","2000-06-27"
"1246","2000-06-28"
"1247","1998-03-12"
"1248","2000-06-29"
"1249","2000-06-30"
"1250","2007-10-12"
"1251","2007-10-11"
"1252","2007-10-15"
"1253","2007-10-16"
"1254","2007-10-17"
"1255","2007-10-18"
"1256","2007-10-19"
"1257","2000-02-07"
"1258","1998-03-13"
"1259","2007-10-22"
"1260","2000-02-08"
"1261","2000-02-09"
"1262","2000-02-10"
"1263","2007-10-24"
"1264","2000-02-11"
"1265","2000-02-14"
"1266","2000-02-15"
"1267","2000-02-16"
"1268","2000-02-17"
"1269","1998-03-20"
"1270","2000-02-18"
"1271","2007-10-26"
"1272","2007-10-23"
"1273","2007-10-25"
"1274","1999-09-06"
"1275","2003-06-19"
"1276","2007-10-29"
"1277","2007-10-30"
"1278","1999-10-27"
"1279","1999-10-28"
"1280","1998-03-23"
"1281","1999-10-29"
"1282","2007-10-31"
"1283","2007-11-01"
"1284","1999-11-22"
"1285","1999-11-23"
"1286","1999-11-24"
"1287","1999-11-25"
"1288","1999-11-26"
"1289","2007-11-02"
"1290","2007-11-05"
"1291","1998-03-24"
"1292","2007-11-07"
"1293","1999-11-29"
"1294","2007-11-06"
"1295","2007-11-08"
"1296","1999-11-30"
"1297","1999-12-01"
"1298","1999-12-02"
"1299","1999-12-03"
"1300","1999-12-06"
"1301","1999-12-07"
"1302","1998-03-25"
"1303","2007-11-09"
"1304","2007-11-12"
"1305","2007-11-13"
"1306","2007-11-14"
"1307","2007-11-15"
"1308","2007-11-16"
"1309","1999-12-08"
"1310","1999-12-09"
"1311","1999-12-10"
"1312","1999-12-13"
"1313","1998-03-26"
"1314","1999-12-14"
"1315","1999-12-15"
"1316","1999-12-16"
"1317","1999-12-17"
"1318","1999-12-20"
"1319","1999-12-21"
"1320","1999-12-22"
"1321","1999-12-23"
"1322","1999-12-24"
"1323","1996-09-30"
"1324","2005-03-16"
"1325","1996-10-01"
"1326","2007-11-19"
"1327","2007-11-20"
"1328","2007-11-21"
"1329","2007-11-22"
"1330","1996-10-02"
"1331","1996-10-03"
"1332","1996-10-04"
"1333","2007-11-23"
"1334","2007-11-26"
"1335","2004-10-05"
"1336","1997-02-17"
"1337","2007-11-27"
"1338","2007-11-28"
"1339","2007-11-29"
"1340","2002-12-03"
"1341","2007-11-30"
"1342","1986-02-04"
"1343","1996-10-07"
"1344","2007-12-03"
"1345","2000-11-27"
"1346","2000-11-28"
"1347","2005-03-17"
"1348","2000-11-29"
"1349","2000-11-30"
"1350","2000-12-01"
"1351","2000-12-04"
"1352","2000-12-05"
"1353","2000-12-06"
"1354","2000-12-07"
"1355","2000-12-08"
"1356","2000-12-11"
"1357","2000-12-12"
"1358","1997-05-08"
"1359","2000-12-13"
"1360","2000-12-14"
"1361","2007-12-04"
"1362","2007-12-05"
"1363","2007-12-06"
"1364","2007-12-07"
"1365","2007-12-10"
"1366","2007-12-11"
"1367","2007-12-12"
"1368","2007-12-13"
"1369","1997-05-09"
"1370","2007-12-14"
"1371","2007-12-17"
"1372","2000-12-15"
"1373","2000-12-18"
"1374","2000-12-19"
"1375","2000-12-20"
"1376","2000-12-21"
"1377","2000-12-22"
"1378","2007-12-18"
"1379","2007-12-19"
"1380","2004-06-02"
"1381","2007-12-20"
"1382","2007-12-21"
"1383","2007-12-24"
"1384","2007-12-25"
"1385","2007-12-27"
"1386","2001-01-01"
"1387","2001-01-02"
"1388","2001-01-03"
"1389","2001-01-04"
"1390","2001-01-05"
"1391","2005-03-18"
"1392","2001-01-08"
"1393","2001-01-09"
"1394","2007-12-28"
"1395","2007-12-26"
"1396","2001-01-10"
"1397","2001-01-11"
"1398","2001-01-12"
"1399","2001-01-15"
"1400","2001-01-16"
"1401","2001-01-17"
"1402","1997-04-01"
"1403","2001-01-18"
"1404","2007-12-31"
"1405","1986-02-05"
"1406","1986-02-06"
"1407","1986-02-07"
"1408","1986-02-10"
"1409","2008-01-01"
"1410","2008-01-02"
"1411","2008-01-04"
"1412","2008-01-03"
"1413","2005-03-21"
"1414","2008-01-07"
"1415","2008-01-08"
"1416","2008-01-09"
"1417","2008-01-10"
"1418","2008-01-11"
"1419","2001-01-19"
"1420","2001-01-22"
"1421","2001-01-23"
"1422","2001-01-24"
"1423","2001-01-25"
"1424","1998-03-27"
"1425","2001-01-26"
"1426","2001-01-29"
"1427","2001-01-30"
"1428","2008-01-14"
"1429","2008-01-15"
"1430","2008-01-16"
"1431","2008-01-17"
"1432","2008-01-18"
"1433","2008-01-21"
"1434","2008-01-22"
"1435","1998-03-30"
"1436","2000-11-08"
"1437","2000-11-09"
"1438","2000-11-13"
"1439","2000-11-14"
"1440","2000-11-15"
"1441","2000-11-16"
"1442","2000-11-17"
"1443","2000-11-20"
"1444","2000-11-21"
"1445","2008-01-23"
"1446","2004-10-06"
"1447","1998-04-02"
"1448","2008-01-24"
"1449","2008-01-25"
"1450","2008-01-28"
"1451","2008-01-29"
"1452","2008-01-30"
"1453","2008-01-31"
"1454","2008-02-01"
"1455","1999-03-08"
"1456","1999-03-09"
"1457","1999-03-10"
"1458","1998-03-31"
"1459","1999-03-11"
"1460","1999-03-12"
"1461","1999-03-15"
"1462","1999-03-16"
"1463","1999-03-17"
"1464","1999-03-18"
"1465","1999-03-19"
"1466","1999-03-24"
"1467","1999-03-25"
"1468","1999-03-26"
"1469","1998-04-01"
"1470","2008-02-05"
"1471","2008-02-04"
"1472","2008-02-06"
"1473","2008-02-07"
"1474","2008-02-08"
"1475","2008-02-11"
"1476","2008-02-12"
"1477","2008-02-13"
"1478","1999-03-23"
"1479","2008-02-14"
"1480","2005-03-22"
"1481","2008-02-15"
"1482","1999-03-30"
"1483","1999-03-31"
"1484","1999-04-01"
"1485","1999-04-02"
"1486","1999-04-06"
"1487","1999-04-07"
"1488","1999-04-08"
"1489","1999-04-09"
"1490","1999-04-13"
"1491","1991-01-25"
"1492","1999-04-14"
"1493","1999-04-15"
"1494","1999-04-16"
"1495","2008-02-18"
"1496","2008-02-19"
"1497","2008-02-20"
"1498","2008-02-21"
"1499","2008-02-22"
"1500","2008-02-25"
"1501","2008-02-26"
"1502","2005-03-23"
"1503","1999-04-19"
"1504","1999-04-20"
"1505","1999-04-21"
"1506","1999-04-22"
"1507","1999-04-23"
"1508","1999-04-26"
"1509","1999-04-27"
"1510","2008-02-27"
"1511","2008-02-28"
"1512","2008-02-29"
"1513","1998-04-03"
"1514","2008-03-03"
"1515","2008-03-04"
"1516","2008-03-05"
"1517","2008-03-06"
"1518","2008-03-07"
"1519","2008-03-10"
"1520","2008-03-11"
"1521","2008-03-12"
"1522","2008-03-13"
"1523","2008-03-14"
"1524","2005-03-24"
"1525","2008-03-17"
"1526","2008-03-18"
"1527","2008-03-19"
"1528","2008-03-20"
"1529","2008-03-21"
"1530","2008-03-24"
"1531","2008-03-25"
"1532","2008-03-26"
"1533","1999-05-03"
"1534","2008-03-27"
"1535","2005-03-25"
"1536","1999-05-04"
"1537","1999-05-05"
"1538","2008-03-28"
"1539","1999-05-06"
"1540","1999-05-07"
"1541","1999-05-10"
"1542","1999-05-11"
"1543","1999-05-12"
"1544","1999-05-13"
"1545","1999-05-14"
"1546","1999-04-29"
"1547","2008-03-31"
"1548","2008-04-01"
"1549","2008-04-02"
"1550","2008-04-03"
"1551","1999-05-26"
"1552","1999-05-27"
"1553","1999-05-28"
"1554","2008-04-04"
"1555","1999-05-31"
"1556","1999-06-01"
"1557","2004-10-07"
"1558","1997-09-05"
"1559","1999-06-02"
"1560","1999-06-03"
"1561","1999-06-04"
"1562","1999-06-07"
"1563","1999-06-08"
"1564","1999-06-09"
"1565","1999-06-10"
"1566","1999-06-11"
"1567","1999-06-14"
"1568","1999-06-15"
"1569","1997-09-08"
"1570","2008-04-07"
"1571","2008-04-08"
"1572","2008-04-09"
"1573","2008-04-10"
"1574","2008-04-11"
"1575","2008-04-14"
"1576","2008-04-15"
"1577","2008-04-16"
"1578","1999-06-16"
"1579","1999-06-17"
"1580","2005-03-28"
"1581","1999-06-18"
"1582","1999-06-21"
"1583","2008-04-17"
"1584","1999-06-22"
"1585","1999-06-23"
"1586","1999-06-24"
"1587","1999-06-25"
"1588","1999-07-05"
"1589","1999-07-06"
"1590","1999-07-07"
"1591","2005-03-29"
"1592","2008-04-18"
"1593","2008-04-21"
"1594","1999-07-08"
"1595","1999-07-09"
"1596","2008-04-22"
"1597","1998-04-29"
"1598","1995-11-07"
"1599","2008-04-23"
"1600","2008-04-24"
"1601","2008-04-25"
"1602","1997-09-09"
"1603","1999-07-12"
"1604","1999-07-13"
"1605","1999-07-14"
"1606","1999-07-15"
"1607","1999-07-16"
"1608","1999-07-19"
"1609","1999-07-20"
"1610","1999-07-21"
"1611","2008-04-28"
"1612","2008-04-29"
"1613","2005-03-30"
"1614","2008-04-30"
"1615","2008-05-01"
"1616","2008-05-02"
"1617","2008-05-05"
"1618","2008-05-06"
"1619","2008-05-07"
"1620","1999-02-22"
"1621","1999-02-23"
"1622","1999-02-24"
"1623","1999-02-25"
"1624","1985-09-30"
"1625","1999-03-01"
"1626","1999-03-02"
"1627","1999-03-03"
"1628","1999-03-04"
"1629","1999-03-05"
"1630","2008-05-08"
"1631","2008-05-09"
"1632","2008-05-12"
"1633","2008-05-13"
"1634","2008-05-14"
"1635","1997-09-10"
"1636","2008-05-15"
"1637","2008-05-16"
"1638","1999-11-01"
"1639","1999-11-02"
"1640","1999-11-03"
"1641","1999-11-04"
"1642","1999-11-05"
"1643","1999-11-08"
"1644","1999-11-09"
"1645","1999-11-10"
"1646","2005-03-31"
"1647","1999-11-11"
"1648","1999-11-12"
"1649","1986-11-11"
"1650","2008-05-19"
"1651","2008-05-20"
"1652","2004-07-16"
"1653","2008-05-21"
"1654","2008-05-23"
"1655","2008-05-22"
"1656","2008-05-26"
"1657","1997-09-11"
"1658","1999-11-15"
"1659","2008-05-27"
"1660","2008-05-28"
"1661","1999-09-07"
"1662","1999-09-08"
"1663","2008-05-29"
"1664","1999-09-09"
"1665","2008-05-30"
"1666","1999-09-10"
"1667","1999-11-16"
"1668","2004-10-08"
"1669","2005-04-01"
"1670","2008-06-02"
"1671","2008-06-03"
"1672","1999-11-17"
"1673","1999-11-18"
"1674","2008-06-04"
"1675","1999-11-19"
"1676","2008-06-05"
"1677","2008-06-06"
"1678","2008-06-09"
"1679","2008-06-10"
"1680","1985-10-02"
"1681","2008-06-11"
"1682","2008-06-13"
"1683","2008-06-12"
"1684","1997-11-18"
"1685","2008-06-16"
"1686","2008-06-17"
"1687","2008-06-18"
"1688","2008-06-19"
"1689","2008-06-20"
"1690","1998-04-27"
"1691","1999-04-30"
"1692","1998-04-28"
"1693","2008-06-23"
"1694","1998-04-30"
"1695","1998-05-01"
"1696","2008-06-24"
"1697","2008-06-25"
"1698","2008-06-26"
"1699","1998-05-04"
"1700","1998-05-05"
"1701","1998-05-06"
"1702","1997-09-01"
"1703","1998-05-07"
"1704","1998-05-08"
"1705","1998-05-11"
"1706","1998-05-12"
"1707","1998-05-13"
"1708","1998-05-14"
"1709","1998-05-15"
"1710","2008-06-27"
"1711","2008-06-30"
"1712","2008-07-01"
"1713","1997-09-02"
"1714","1992-09-08"
"1715","2008-07-02"
"1716","2008-07-03"
"1717","2008-07-04"
"1718","2008-07-07"
"1719","1995-07-07"
"1720","2008-07-08"
"1721","1997-11-17"
"1722","2008-07-09"
"1723","1997-11-19"
"1724","2005-04-04"
"1725","1997-11-20"
"1726","1997-11-21"
"1727","2008-07-11"
"1728","2008-07-10"
"1729","1994-11-14"
"1730","1986-11-19"
"1731","1994-11-15"
"1732","1994-11-16"
"1733","1994-11-21"
"1734","2008-07-14"
"1735","1997-09-03"
"1736","2008-07-15"
"1737","2008-07-16"
"1738","1995-11-13"
"1739","1995-11-14"
"1740","1995-11-15"
"1741","2008-07-17"
"1742","2008-07-18"
"1743","1995-11-16"
"1744","1995-11-17"
"1745","1995-11-20"
"1746","1997-09-04"
"1747","1995-11-22"
"1748","1992-10-05"
"1749","1992-09-28"
"1750","2008-07-21"
"1751","2008-07-22"
"1752","1991-10-10"
"1753","2008-07-23"
"1754","2002-09-10"
"1755","2002-09-11"
"1756","2008-07-24"
"1757","2005-04-05"
"1758","2002-09-12"
"1759","2008-07-25"
"1760","2002-09-13"
"1761","1987-12-16"
"1762","1987-12-17"
"1763","1991-07-19"
"1764","1992-10-30"
"1765","2002-09-23"
"1766","2004-05-05"
"1767","2002-09-24"
"1768","2005-04-06"
"1769","2004-05-06"
"1770","2002-09-25"
"1771","2002-09-26"
"1772","2002-09-27"
"1773","2004-05-07"
"1774","2002-09-30"
"1775","2002-10-01"
"1776","2002-10-02"
"1777","2002-10-03"
"1778","2002-10-04"
"1779","2004-10-11"
"1780","2005-04-07"
"1781","2002-10-07"
"1782","2004-05-10"
"1783","2004-05-11"
"1784","2004-05-12"
"1785","2002-10-08"
"1786","2002-10-09"
"1787","2004-05-13"
"1788","2002-10-10"
"1789","2004-05-14"
"1790","2002-10-11"
"1791","1997-01-10"
"1792","2002-10-14"
"1793","2002-10-15"
"1794","2002-10-16"
"1795","1989-11-08"
"1796","2004-05-17"
"1797","2002-11-25"
"1798","2002-11-26"
"1799","1997-05-26"
"1800","2002-10-17"
"1801","2002-10-18"
"1802","2005-04-08"
"1803","2002-10-21"
"1804","2002-10-22"
"1805","1993-01-19"
"1806","2002-10-23"
"1807","2002-10-24"
"1808","2002-10-25"
"1809","2002-10-28"
"1810","2002-10-29"
"1811","2002-10-30"
"1812","2002-10-31"
"1813","1991-05-15"
"1814","2002-11-01"
"1815","2002-11-04"
"1816","2002-11-05"
"1817","2002-11-06"
"1818","2002-11-07"
"1819","2002-11-08"
"1820","2004-05-18"
"1821","2004-05-19"
"1822","2004-05-20"
"1823","2004-05-21"
"1824","1990-01-11"
"1825","2004-05-24"
"1826","2004-05-25"
"1827","2004-05-26"
"1828","2004-05-27"
"1829","2004-05-28"
"1830","2004-05-31"
"1831","2004-06-01"
"1832","1995-07-04"
"1833","1995-07-05"
"1834","1995-07-06"
"1835","1990-01-12"
"1836","2003-05-19"
"1837","2003-05-20"
"1838","2003-05-21"
"1839","2003-05-22"
"1840","1991-12-20"
"1841","2003-05-23"
"1842","2003-05-26"
"1843","2003-05-27"
"1844","2003-05-28"
"1845","2003-05-29"
"1846","2005-04-11"
"1847","2003-05-30"
"1848","2003-06-02"
"1849","2003-06-03"
"1850","2003-06-04"
"1851","2003-06-05"
"1852","2003-06-06"
"1853","2003-06-09"
"1854","2003-06-10"
"1855","2003-06-11"
"1856","2003-06-12"
"1857","2005-04-12"
"1858","2003-06-17"
"1859","2003-06-18"
"1860","2008-09-08"
"1861","2008-09-09"
"1862","2008-09-10"
"1863","2004-06-21"
"1864","2008-09-11"
"1865","2008-09-12"
"1866","2004-06-22"
"1867","2008-09-15"
"1868","2005-04-13"
"1869","2008-09-16"
"1870","2008-09-17"
"1871","2004-06-23"
"1872","2004-06-24"
"1873","2004-06-25"
"1874","2008-09-19"
"1875","2008-09-18"
"1876","2004-06-28"
"1877","2008-09-22"
"1878","2008-09-23"
"1879","1997-06-10"
"1880","2008-09-24"
"1881","2008-09-26"
"1882","2008-09-25"
"1883","2004-06-29"
"1884","2004-06-30"
"1885","2004-07-01"
"1886","2004-07-02"
"1887","2004-07-05"
"1888","2008-09-29"
"1889","2004-07-06"
"1890","2004-10-12"
"1891","2000-03-13"
"1892","2004-07-07"
"1893","2008-09-30"
"1894","2008-10-01"
"1895","2004-07-08"
"1896","2004-07-09"
"1897","2004-07-12"
"1898","2008-10-02"
"1899","2008-10-03"
"1900","1993-07-09"
"1901","2008-10-06"
"1902","2005-04-14"
"1903","2008-10-07"
"1904","2003-06-20"
"1905","2003-06-23"
"1906","2003-06-24"
"1907","2003-06-25"
"1908","2003-06-26"
"1909","2003-06-27"
"1910","2003-06-30"
"1911","2003-07-01"
"1912","2003-07-02"
"1913","2005-04-18"
"1914","2008-10-08"
"1915","2004-07-13"
"1916","2004-07-14"
"1917","2004-07-15"
"1918","2008-10-09"
"1919","2008-10-10"
"1920","1995-09-25"
"1921","2008-10-13"
"1922","2008-10-14"
"1923","2004-07-19"
"1924","2005-04-15"
"1925","2004-07-20"
"1926","2004-07-21"
"1927","2004-07-22"
"1928","2008-10-15"
"1929","2008-10-16"
"1930","1991-10-17"
"1931","2008-10-17"
"1932","2008-10-20"
"1933","2003-07-07"
"1934","2003-07-08"
"1935","1991-10-04"
"1936","2003-07-09"
"1937","2003-07-10"
"1938","2003-07-11"
"1939","2003-07-14"
"1940","2003-07-15"
"1941","2003-07-16"
"1942","2003-07-17"
"1943","2008-10-21"
"1944","2008-10-22"
"1945","2008-10-23"
"1946","1991-01-17"
"1947","2008-10-24"
"1948","1995-09-27"
"1949","2008-10-27"
"1950","2008-10-28"
"1951","2008-10-29"
"1952","2008-10-30"
"1953","2008-10-31"
"1954","2008-11-03"
"1955","2008-11-04"
"1956","2008-11-05"
"1957","1999-05-24"
"1958","2008-11-06"
"1959","1996-09-10"
"1960","2008-11-07"
"1961","1996-10-11"
"1962","2003-04-17"
"1963","2003-04-18"
"1964","2003-04-21"
"1965","2003-04-22"
"1966","2003-04-23"
"1967","2003-04-24"
"1968","1998-05-20"
"1969","2003-04-25"
"1970","2008-11-10"
"1971","2008-11-11"
"1972","2008-11-12"
"1973","2008-11-14"
"1974","2003-03-24"
"1975","2003-03-25"
"1976","2003-03-26"
"1977","2003-03-27"
"1978","2003-03-28"
"1979","1999-05-25"
"1980","2003-03-31"
"1981","2003-04-01"
"1982","2003-04-02"
"1983","2003-04-03"
"1984","2003-04-04"
"1985","2003-04-07"
"1986","2003-04-08"
"1987","2003-04-09"
"1988","2008-11-13"
"1989","2008-11-17"
"1990","2005-04-19"
"1991","2008-11-18"
"1992","2008-11-19"
"1993","2008-11-21"
"1994","2008-11-20"
"1995","2008-11-24"
"1996","2008-11-25"
"1997","2008-11-26"
"1998","2003-02-28"
"1999","2003-03-03"
"2000","2003-03-04"
"2001","2004-10-13"
"2002","1998-02-02"
"2003","2003-03-05"
"2004","2003-03-06"
"2005","2003-03-07"
"2006","2003-03-10"
"2007","2003-03-11"
"2008","2003-03-12"
"2009","2003-03-13"
"2010","2003-03-14"
"2011","2003-03-17"
"2012","2003-03-18"
"2013","2005-04-20"
"2014","2003-03-19"
"2015","2008-11-28"
"2016","2008-11-27"
"2017","1986-10-03"
"2018","2008-12-01"
"2019","2008-12-02"
"2020","2008-12-03"
"2021","2008-12-05"
"2022","2008-12-04"
"2023","2008-12-08"
"2024","2005-04-21"
"2025","2008-12-09"
"2026","2008-12-10"
"2027","2008-12-11"
"2028","2008-12-12"
"2029","2008-12-15"
"2030","2008-12-16"
"2031","2008-12-17"
"2032","2008-12-18"
"2033","2003-02-24"
"2034","2003-02-25"
"2035","1998-02-03"
"2036","2003-02-26"
"2037","2003-02-27"
"2038","2008-12-19"
"2039","2008-12-22"
"2040","2008-12-23"
"2041","2008-12-24"
"2042","2008-12-25"
"2043","2008-12-26"
"2044","2003-01-23"
"2045","2003-01-24"
"2046","2005-04-22"
"2047","2003-01-27"
"2048","2003-01-28"
"2049","2003-01-29"
"2050","2003-01-30"
"2051","2003-01-31"
"2052","2003-02-17"
"2053","2003-02-18"
"2054","2003-02-19"
"2055","2003-02-20"
"2056","2003-02-21"
"2057","1992-11-17"
"2058","2008-12-29"
"2059","2008-12-30"
"2060","2008-12-31"
"2061","2009-01-01"
"2062","2009-01-02"
"2063","2009-01-05"
"2064","2009-01-06"
"2065","2009-01-07"
"2066","2009-01-08"
"2067","2009-01-09"
"2068","1998-02-04"
"2069","2003-01-14"
"2070","2003-01-15"
"2071","2003-01-16"
"2072","2003-01-17"
"2073","2003-01-20"
"2074","2003-01-21"
"2075","2003-01-22"
"2076","1988-01-25"
"2077","2009-01-12"
"2078","2009-01-13"
"2079","2005-04-25"
"2080","1996-11-11"
"2081","2009-01-14"
"2082","2009-01-15"
"2083","2009-01-16"
"2084","2009-01-19"
"2085","2002-12-12"
"2086","2002-12-13"
"2087","2002-12-16"
"2088","2002-12-17"
"2089","2002-12-18"
"2090","2005-04-26"
"2091","2002-12-19"
"2092","2002-12-20"
"2093","2009-01-20"
"2094","2009-01-21"
"2095","2009-01-23"
"2096","2009-01-22"
"2097","2009-01-26"
"2098","2009-01-27"
"2099","2002-12-23"
"2100","2002-12-24"
"2101","2005-04-27"
"2102","2002-12-25"
"2103","2009-01-28"
"2104","2009-01-29"
"2105","2002-12-26"
"2106","2002-12-27"
"2107","2002-12-30"
"2108","2009-01-30"
"2109","2009-02-02"
"2110","2009-02-03"
"2111","2002-12-31"
"2112","2004-10-14"
"2113","1995-11-21"
"2114","2003-01-01"
"2115","2003-01-02"
"2116","2003-01-03"
"2117","2003-01-13"
"2118","2009-02-04"
"2119","2009-02-05"
"2120","2009-02-06"
"2121","2004-02-02"
"2122","2009-02-09"
"2123","2009-02-10"
"2124","2005-04-28"
"2125","2002-12-05"
"2126","2002-12-06"
"2127","2002-12-09"
"2128","2002-12-10"
"2129","2002-12-11"
"2130","2009-02-11"
"2131","2009-02-12"
"2132","2009-02-13"
"2133","2003-02-03"
"2134","2003-02-04"
"2135","1998-02-09"
"2136","2003-02-05"
"2137","2003-02-06"
"2138","2003-02-07"
"2139","2003-02-10"
"2140","2003-02-11"
"2141","2003-02-12"
"2142","2003-02-13"
"2143","2003-02-14"
"2144","2009-02-16"
"2145","2009-02-17"
"2146","2005-04-29"
"2147","2009-02-18"
"2148","2009-02-19"
"2149","2009-02-20"
"2150","1986-09-18"
"2151","2009-02-23"
"2152","2009-02-24"
"2153","2009-02-25"
"2154","2009-02-26"
"2155","2009-02-27"
"2156","2009-03-02"
"2157","1985-10-03"
"2158","2009-03-03"
"2159","2002-11-11"
"2160","2002-11-12"
"2161","2002-11-13"
"2162","2002-11-14"
"2163","2002-11-15"
"2164","2002-11-18"
"2165","2002-11-19"
"2166","2002-11-20"
"2167","2002-11-21"
"2168","1985-10-01"
"2169","2002-11-22"
"2170","2009-03-04"
"2171","2009-03-05"
"2172","2009-03-06"
"2173","2009-03-09"
"2174","2009-03-11"
"2175","2009-03-10"
"2176","2009-03-12"
"2177","2009-03-13"
"2178","2009-03-16"
"2179","2001-10-25"
"2180","2009-03-17"
"2181","2009-03-18"
"2182","2009-03-19"
"2183","2009-03-20"
"2184","1992-10-13"
"2185","2009-03-23"
"2186","2009-03-24"
"2187","2009-03-25"
"2188","2009-03-27"
"2189","2009-03-26"
"2190","1985-10-04"
"2191","2009-03-30"
"2192","2009-03-31"
"2193","2009-04-01"
"2194","2009-04-02"
"2195","2009-04-03"
"2196","2009-04-06"
"2197","2009-04-07"
"2198","2009-04-08"
"2199","2009-04-09"
"2200","2009-04-10"
"2201","2005-05-02"
"2202","2009-04-13"
"2203","2009-04-14"
"2204","2009-04-15"
"2205","2009-04-16"
"2206","2009-04-17"
"2207","2009-04-20"
"2208","2009-04-21"
"2209","2009-04-22"
"2210","2009-04-23"
"2211","2009-04-24"
"2212","2000-05-11"
"2213","2009-04-27"
"2214","2009-04-28"
"2215","2009-04-29"
"2216","2009-04-30"
"2217","2009-05-01"
"2218","1999-06-29"
"2219","1999-06-30"
"2220","1999-07-01"
"2221","1999-07-02"
"2222","2009-05-04"
"2223","2004-09-08"
"2224","2004-10-15"
"2225","2005-05-03"
"2226","2009-05-05"
"2227","2009-05-06"
"2228","2009-05-07"
"2229","2009-05-08"
"2230","2009-05-11"
"2231","2009-05-12"
"2232","2009-05-13"
"2233","2009-05-14"
"2234","2009-05-15"
"2235","1996-11-12"
"2236","2005-05-04"
"2237","1996-11-13"
"2238","1996-11-14"
"2239","2009-05-18"
"2240","1996-11-15"
"2241","2009-05-19"
"2242","2003-10-15"
"2243","2009-05-20"
"2244","2009-05-22"
"2245","2009-05-21"
"2246","2009-05-25"
"2247","1994-11-17"
"2248","1997-04-28"
"2249","2009-05-26"
"2250","1997-04-29"
"2251","1997-04-30"
"2252","2009-05-27"
"2253","1997-05-01"
"2254","1997-05-02"
"2255","2009-05-29"
"2256","2009-05-28"
"2257","1999-05-17"
"2258","1994-11-18"
"2259","2009-06-01"
"2260","1999-05-18"
"2261","1999-05-19"
"2262","2009-06-02"
"2263","1999-05-20"
"2264","1999-05-21"
"2265","2009-06-03"
"2266","1999-04-12"
"2267","2009-06-05"
"2268","2009-06-04"
"2269","2005-05-05"
"2270","2009-06-08"
"2271","1999-04-05"
"2272","1999-03-29"
"2273","2009-06-09"
"2274","2009-06-10"
"2275","1999-03-22"
"2276","2009-06-11"
"2277","1988-04-06"
"2278","2009-06-12"
"2279","2001-02-05"
"2280","2005-05-06"
"2281","1994-05-23"
"2282","1985-11-11"
"2283","2001-02-06"
"2284","1985-11-12"
"2285","2009-06-15"
"2286","1987-06-23"
"2287","2001-02-07"
"2288","2009-06-16"
"2289","2001-02-08"
"2290","2009-06-17"
"2291","1992-11-16"
"2292","1985-11-13"
"2293","1985-11-14"
"2294","1985-11-15"
"2295","2009-06-19"
"2296","2003-01-06"
"2297","1985-11-18"
"2298","2003-01-09"
"2299","1985-11-19"
"2300","2009-06-22"
"2301","1985-11-20"
"2302","1995-11-06"
"2303","2009-06-18"
"2304","2009-06-23"
"2305","2009-06-24"
"2306","2002-09-16"
"2307","2002-09-17"
"2308","2002-09-19"
"2309","2009-06-26"
"2310","2009-06-25"
"2311","2009-06-29"
"2312","2009-06-30"
"2313","1994-11-23"
"2314","2009-07-01"
"2315","2002-09-20"
"2316","2009-07-02"
"2317","2009-07-03"
"2318","2004-01-13"
"2319","2009-07-06"
"2320","2009-07-07"
"2321","2009-07-08"
"2322","2003-04-28"
"2323","2003-04-29"
"2324","2005-05-09"
"2325","2009-07-09"
"2326","2003-04-30"
"2327","2003-05-02"
"2328","2009-07-10"
"2329","1994-05-02"
"2330","2009-07-13"
"2331","2009-07-14"
"2332","2000-10-02"
"2333","2009-07-15"
"2334","2000-10-04"
"2335","2004-10-18"
"2336","2005-05-10"
"2337","2009-07-16"
"2338","2000-10-05"
"2339","2009-07-17"
"2340","2000-10-06"
"2341","2009-07-20"
"2342","2000-12-26"
"2343","2009-07-21"
"2344","2000-12-25"
"2345","2009-07-22"
"2346","2009-07-23"
"2347","2005-05-11"
"2348","2009-07-24"
"2349","2000-12-27"
"2350","2000-12-28"
"2351","2000-12-29"
"2352","1998-06-05"
"2353","2004-04-08"
"2354","1998-01-23"
"2355","1987-04-06"
"2356","1987-04-07"
"2357","2003-10-22"
"2358","2005-05-12"
"2359","1996-01-29"
"2360","2003-10-23"
"2361","2003-10-16"
"2362","2003-10-17"
"2363","2003-11-10"
"2364","2003-11-18"
"2365","2003-10-20"
"2366","2003-10-21"
"2367","2003-10-08"
"2368","2003-10-09"
"2369","2005-05-13"
"2370","2003-10-10"
"2371","2003-10-13"
"2372","2003-10-14"
"2373","2004-01-05"
"2374","2004-01-06"
"2375","2009-09-14"
"2376","2004-01-07"
"2377","2009-09-15"
"2378","2004-01-08"
"2379","2009-09-16"
"2380","2005-05-16"
"2381","2004-01-09"
"2382","2009-09-17"
"2383","2004-01-12"
"2384","2009-09-18"
"2385","2004-01-14"
"2386","2009-09-21"
"2387","2009-09-22"
"2388","2004-04-01"
"2389","2009-09-23"
"2390","2004-04-02"
"2391","1992-03-06"
"2392","2009-09-24"
"2393","2009-09-25"
"2394","2009-09-28"
"2395","2009-09-29"
"2396","2004-04-05"
"2397","2009-09-30"
"2398","2004-04-06"
"2399","2004-04-07"
"2400","2009-10-01"
"2401","2009-10-02"
"2403","2004-04-09"
"2404","2009-10-05"
"2405","2004-04-12"
"2406","2004-04-13"
"2407","2009-10-06"
"2408","2009-10-07"
"2409","2004-04-14"
"2410","2004-04-15"
"2411","2009-10-08"
"2412","2009-10-09"
"2413","1992-05-15"
"2414","2004-04-16"
"2415","2009-10-12"
"2416","2004-04-19"
"2417","2009-10-13"
"2418","2004-04-20"
"2419","2004-04-21"
"2420","2009-10-14"
"2421","2004-04-22"
"2422","2009-10-15"
"2423","2009-10-16"
"2424","2000-11-10"
"2425","2004-04-23"
"2426","2009-10-19"
"2427","2004-04-26"
"2428","2004-04-27"
"2429","2009-10-20"
"2430","2009-10-21"
"2431","2004-04-28"
"2432","2004-04-29"
"2433","2004-04-30"
"2434","2009-10-22"
"2435","1992-11-10"
"2436","2009-10-23"
"2437","2004-05-03"
"2438","2004-05-04"
"2439","2009-10-26"
"2440","2009-10-27"
"2441","2009-10-28"
"2442","2009-10-29"
"2443","2009-10-30"
"2444","2009-11-02"
"2445","2004-01-15"
"2446","2004-10-19"
"2448","2009-11-03"
"2449","2009-11-04"
"2450","2004-01-16"
"2451","2009-11-05"
"2452","2009-11-06"
"2453","2004-01-19"
"2454","2009-11-09"
"2455","2004-01-20"
"2456","2004-01-21"
"2457","2009-11-10"
"2458","2005-05-17"
"2459","2009-11-11"
"2460","2004-01-22"
"2461","2009-11-12"
"2462","2009-11-13"
"2463","2004-01-23"
"2464","2009-11-16"
"2465","2004-01-26"
"2466","2009-11-17"
"2467","2004-01-27"
"2468","2009-11-18"
"2469","2005-05-18"
"2470","2004-01-28"
"2471","2004-01-29"
"2472","2009-11-19"
"2473","2009-11-20"
"2474","2009-11-23"
"2475","2004-01-30"
"2476","2009-11-24"
"2477","2009-11-25"
"2478","2009-11-26"
"2479","2009-11-27"
"2480","2005-05-19"
"2481","2004-02-03"
"2482","2009-11-30"
"2483","2009-12-01"
"2484","2004-02-04"
"2485","2009-12-02"
"2486","2009-12-03"
"2487","2004-02-05"
"2488","2009-12-04"
"2489","2004-02-06"
"2490","2009-12-07"
"2491","2005-05-20"
"2492","2009-12-08"
"2493","2004-02-23"
"2494","2009-12-09"
"2495","2004-02-24"
"2496","2009-12-10"
"2497","2004-02-25"
"2498","2009-12-11"
"2499","2004-02-26"
"2500","2004-02-27"
"2501","2009-12-16"
"2502","2001-11-01"
"2503","2009-12-17"
"2504","2004-03-01"
"2505","2009-12-18"
"2506","2009-12-14"
"2507","2009-12-15"
"2508","2009-12-21"
"2509","2009-12-22"
"2510","2009-12-24"
"2511","2009-12-23"
"2512","2009-12-25"
"2513","2001-11-02"
"2514","2004-03-02"
"2515","2009-12-28"
"2516","2004-03-03"
"2517","2009-12-29"
"2518","2009-12-30"
"2519","2009-12-31"
"2520","2010-01-01"
"2521","2004-03-04"
"2522","2010-01-04"
"2523","2010-01-05"
"2524","2001-10-31"
"2525","2004-03-05"
"2526","2010-01-06"
"2527","2004-03-08"
"2528","2010-01-07"
"2529","2010-01-08"
"2530","2010-01-11"
"2531","2004-03-09"
"2532","2010-01-12"
"2533","2004-03-10"
"2534","2010-01-13"
"2535","2005-05-23"
"2536","2010-01-14"
"2537","2004-03-11"
"2538","2010-01-15"
"2539","2010-01-18"
"2540","2004-03-12"
"2541","2010-01-19"
"2542","2004-03-15"
"2543","2010-01-20"
"2544","2010-01-21"
"2545","2004-03-16"
"2546","2005-05-24"
"2547","2010-01-22"
"2548","2010-01-25"
"2549","2004-03-17"
"2550","2010-01-26"
"2551","2004-03-18"
"2552","2010-01-27"
"2553","2010-01-28"
"2554","2004-03-19"
"2555","2010-01-29"
"2556","2004-03-22"
"2557","2004-10-20"
"2558","2005-05-25"
"2559","2010-02-01"
"2560","2010-02-02"
"2561","2004-03-23"
"2562","2010-02-03"
"2563","2004-03-24"
"2564","2010-02-04"
"2565","2010-02-05"
"2566","2010-02-08"
"2567","2004-03-25"
"2568","2010-02-09"
"2569","1989-10-13"
"2570","2004-03-26"
"2571","2010-02-10"
"2572","2010-02-11"
"2573","2004-03-29"
"2574","2010-02-12"
"2575","2004-03-30"
"2576","2004-03-31"
"2577","2010-02-15"
"2578","2010-02-16"
"2579","2010-02-17"
"2580","1992-11-09"
"2581","2003-09-09"
"2582","2010-02-18"
"2583","2010-02-19"
"2584","2010-02-22"
"2585","2003-09-10"
"2586","2010-02-23"
"2587","2003-09-11"
"2588","2010-02-24"
"2589","2010-02-25"
"2590","2010-02-26"
"2591","1992-11-11"
"2592","1992-10-28"
"2593","2010-03-01"
"2594","2010-03-02"
"2595","2010-03-03"
"2596","2010-03-04"
"2597","2010-03-05"
"2598","1992-10-29"
"2599","2010-03-08"
"2600","2010-03-09"
"2601","2010-03-10"
"2602","2005-05-26"
"2603","2010-03-11"
"2604","2010-03-12"
"2605","2003-09-26"
"2606","2010-03-15"
"2607","2010-03-16"
"2608","2010-03-17"
"2609","2010-03-18"
"2610","2010-03-19"
"2611","2010-03-22"
"2612","2010-03-23"
"2613","1992-11-13"
"2614","2010-03-24"
"2615","2010-03-25"
"2616","2010-03-26"
"2617","2010-03-29"
"2618","2010-03-30"
"2619","2010-03-31"
"2620","2010-04-01"
"2621","2010-04-02"
"2622","2010-04-05"
"2623","2010-04-06"
"2624","1993-02-05"
"2625","2010-04-07"
"2626","2010-04-08"
"2627","2010-04-09"
"2628","2010-04-12"
"2629","2010-04-13"
"2630","2010-04-14"
"2631","2010-04-15"
"2632","2010-04-16"
"2633","2010-04-19"
"2634","2010-04-20"
"2635","2005-05-27"
"2636","2010-04-21"
"2637","2010-04-22"
"2638","2010-04-23"
"2639","1993-04-01"
"2640","1993-04-02"
"2641","2010-04-26"
"2642","2010-04-27"
"2643","1986-05-26"
"2644","2010-04-28"
"2645","2010-04-29"
"2646","1984-09-20"
"2647","2010-04-30"
"2648","2010-05-03"
"2649","1993-03-31"
"2650","2010-05-04"
"2651","2010-05-06"
"2652","2010-05-05"
"2653","2010-05-07"
"2654","2010-05-10"
"2655","2010-05-11"
"2656","2010-05-12"
"2657","1984-09-21"
"2658","2010-05-13"
"2659","2010-05-14"
"2660","2010-05-17"
"2661","2010-05-18"
"2662","2010-05-19"
"2663","2010-05-20"
"2664","2010-05-21"
"2665","2010-05-24"
"2666","2010-05-25"
"2667","2010-05-26"
"2668","2004-10-21"
"2669","1984-09-24"
"2670","2010-05-27"
"2671","2010-05-28"
"2672","2010-05-31"
"2673","2010-06-01"
"2674","2010-06-02"
"2675","2010-06-03"
"2676","2010-06-04"
"2677","2010-06-07"
"2678","2010-06-08"
"2679","1988-04-07"
"2680","1984-09-25"
"2681","2010-06-09"
"2682","2010-06-10"
"2683","2010-06-11"
"2684","2010-06-14"
"2685","2010-06-15"
"2686","2010-06-16"
"2687","2010-06-17"
"2688","2010-06-18"
"2689","2010-06-21"
"2690","2010-06-22"
"2691","2002-05-02"
"2692","2010-06-23"
"2693","2010-06-24"
"2694","2010-06-25"
"2695","2010-06-28"
"2696","2010-06-29"
"2697","2010-06-30"
"2698","2010-07-01"
"2699","2010-07-02"
"2700","2010-07-05"
"2701","1996-09-04"
"2702","1992-11-18"
"2703","2010-07-06"
"2704","2010-07-07"
"2705","2010-07-08"
"2706","2010-07-09"
"2707","2010-07-12"
"2708","2010-07-13"
"2709","1986-12-31"
"2710","2010-07-14"
"2711","2010-07-15"
"2712","2010-07-16"
"2713","1984-09-26"
"2714","2010-07-19"
"2715","2010-07-20"
"2716","2010-07-21"
"2717","2010-07-22"
"2718","2010-07-23"
"2719","2010-07-26"
"2720","2010-07-27"
"2721","2010-07-29"
"2722","2010-07-30"
"2723","2010-07-28"
"2724","1984-09-27"
"2725","1988-06-28"
"2726","1988-07-05"
"2727","1990-09-03"
"2728","1994-11-07"
"2729","1986-10-16"
"2730","1987-06-24"
"2731","1995-12-08"
"2732","1994-12-28"
"2733","2010-09-13"
"2734","2010-09-14"
"2735","2005-05-30"
"2736","2010-09-15"
"2737","2010-09-16"
"2738","2010-09-17"
"2739","2010-09-20"
"2740","2010-09-21"
"2741","2010-09-22"
"2742","2010-09-24"
"2743","2010-09-23"
"2744","2010-09-27"
"2745","2010-09-28"
"2746","1984-11-26"
"2747","2010-09-29"
"2748","2010-09-30"
"2749","2010-10-01"
"2750","2010-10-04"
"2751","2010-10-05"
"2752","2010-10-06"
"2753","2010-10-07"
"2754","2010-10-08"
"2755","2010-10-11"
"2756","2010-10-12"
"2757","1984-11-27"
"2758","2010-10-13"
"2759","2010-10-14"
"2760","2010-10-15"
"2761","2010-10-18"
"2762","2010-10-19"
"2763","2010-10-20"
"2764","2010-10-21"
"2765","2010-10-22"
"2766","2010-10-25"
"2767","2010-10-26"
"2768","1989-09-05"
"2769","2010-10-27"
"2770","2010-10-28"
"2771","2010-10-29"
"2772","2010-11-01"
"2773","2010-11-02"
"2774","2010-11-03"
"2775","2010-11-05"
"2776","2010-11-04"
"2777","2010-11-08"
"2778","2010-11-09"
"2779","2004-10-22"
"2780","2005-05-31"
"2781","2010-11-10"
"2782","1986-10-14"
"2783","2010-11-11"
"2784","2010-11-12"
"2785","2010-11-15"
"2786","2010-11-16"
"2787","2010-11-18"
"2788","2010-11-17"
"2789","2010-11-19"
"2790","1996-12-02"
"2791","1989-09-08"
"2792","2010-11-22"
"2793","2010-11-23"
"2794","1997-10-07"
"2795","2010-11-24"
"2796","1997-10-08"
"2797","2010-11-26"
"2798","2010-11-25"
"2799","2010-11-29"
"2800","2010-11-30"
"2801","2010-12-01"
"2802","1984-11-28"
"2803","2010-12-02"
"2804","2010-12-03"
"2805","2010-12-06"
"2806","2010-12-07"
"2807","2010-12-08"
"2808","2010-12-09"
"2809","2010-12-10"
"2810","2010-12-13"
"2811","2010-12-14"
"2812","2010-12-15"
"2813","1984-11-29"
"2814","2010-12-16"
"2815","2010-12-17"
"2816","2010-12-20"
"2817","2010-12-21"
"2818","2010-12-22"
"2819","2010-12-23"
"2820","2010-12-24"
"2821","2010-12-27"
"2822","2010-12-28"
"2823","2010-12-31"
"2824","1984-12-03"
"2825","2010-12-29"
"2826","2010-12-30"
"2827","2011-01-03"
"2828","2011-01-04"
"2829","2011-01-05"
"2830","2011-01-07"
"2831","2011-01-06"
"2832","2011-01-11"
"2833","2011-01-10"
"2834","2011-01-12"
"2835","1984-12-04"
"2836","2011-01-14"
"2837","2011-01-13"
"2838","1996-09-03"
"2839","2011-01-17"
"2840","2011-01-18"
"2841","2011-01-19"
"2842","2011-01-20"
"2843","2011-01-21"
"2844","2011-01-24"
"2845","2011-01-25"
"2846","1984-12-05"
"2847","2011-01-26"
"2848","2011-01-28"
"2849","2011-01-27"
"2850","2011-01-31"
"2851","2011-02-01"
"2852","2011-02-02"
"2853","2011-02-04"
"2854","2011-02-03"
"2855","1986-12-17"
"2856","2011-02-07"
"2857","2005-06-01"
"2858","2011-02-08"
"2859","2011-02-09"
"2860","2011-02-10"
"2861","1989-01-03"
"2862","2011-02-11"
"2863","2011-02-14"
"2864","2011-02-15"
"2865","2011-02-16"
"2866","2011-02-17"
"2867","2011-02-18"
"2868","1989-09-20"
"2869","2011-02-21"
"2870","2011-02-22"
"2871","2011-02-23"
"2872","2011-02-24"
"2873","2011-02-25"
"2874","1988-11-02"
"2875","2011-02-28"
"2876","2011-03-01"
"2877","2011-03-02"
"2878","2011-03-04"
"2879","1984-12-06"
"2880","2011-03-03"
"2881","2011-03-08"
"2882","2011-03-07"
"2883","2011-03-09"
"2884","2011-03-10"
"2885","1993-06-17"
"2886","2011-03-11"
"2887","2011-03-14"
"2888","2011-03-15"
"2889","2011-03-16"
"2890","2004-10-25"
"2891","1984-12-07"
"2892","2011-03-17"
"2893","2003-09-12"
"2894","2011-03-18"
"2895","1989-12-07"
"2896","2011-03-21"
"2897","2011-03-22"
"2898","2011-03-23"
"2899","2011-03-24"
"2900","2011-03-25"
"2901","2011-03-28"
"2902","1984-12-10"
"2903","2011-03-29"
"2904","2011-03-30"
"2905","2011-04-01"
"2906","2011-03-31"
"2907","2011-04-04"
"2908","2011-04-05"
"2909","2011-04-06"
"2910","2011-04-07"
"2911","2011-04-08"
"2912","2011-04-11"
"2913","1984-12-11"
"2914","2011-04-12"
"2915","2011-04-13"
"2916","2011-04-14"
"2917","2011-04-15"
"2918","2011-04-18"
"2919","1993-12-22"
"2920","2011-04-19"
"2921","2011-04-20"
"2922","2011-04-21"
"2923","2011-04-22"
"2924","1984-12-12"
"2925","2011-04-25"
"2926","2011-04-26"
"2927","2011-04-27"
"2928","2011-04-29"
"2929","2011-04-28"
"2930","2011-05-02"
"2931","2011-05-03"
"2932","2011-05-04"
"2933","2011-05-06"
"2934","2011-05-05"
"2935","1989-09-26"
"2936","2011-05-09"
"2937","2011-05-10"
"2938","2011-05-11"
"2939","2011-05-12"
"2940","2011-05-13"
"2941","2011-05-16"
"2942","2011-05-17"
"2943","2011-05-18"
"2944","2011-05-19"
"2945","2011-05-20"
"2946","2002-09-05"
"2947","2011-05-23"
"2948","2011-05-24"
"2949","2011-05-25"
"2950","2011-05-27"
"2951","2011-05-26"
"2952","2011-05-30"
"2953","2011-05-31"
"2954","2011-06-01"
"2955","2011-06-02"
"2956","2011-06-03"
"2957","2005-06-02"
"2958","2011-06-06"
"2959","2011-06-07"
"2960","2011-06-08"
"2961","2011-06-09"
"2962","2011-06-10"
"2963","1986-11-10"
"2964","1986-11-12"
"2965","2011-06-14"
"2966","2011-06-13"
"2967","2011-06-15"
"2968","2002-09-06"
"2969","1986-11-13"
"2970","1986-11-14"
"2971","2011-06-16"
"2972","2011-06-17"
"2973","1986-11-17"
"2974","2011-06-20"
"2975","1986-11-18"
"2976","2011-06-21"
"2977","2011-06-22"
"2978","1991-11-08"
"2979","1985-02-08"
"2980","1991-11-11"
"2981","1991-11-12"
"2982","2011-06-24"
"2983","1991-11-13"
"2984","2011-06-23"
"2985","2011-06-27"
"2986","2011-06-28"
"2987","2011-06-29"
"2988","2011-06-30"
"2989","2011-07-01"
"2990","1989-09-28"
"2991","2011-07-04"
"2992","2011-07-05"
"2993","2011-07-06"
"2994","2011-07-07"
"2995","2011-07-08"
"2996","2011-07-11"
"2997","2011-07-12"
"2998","2011-07-13"
"2999","2011-07-15"
"3000","2011-07-14"
"3001","2004-10-26"
"3002","2005-06-03"
"3003","2011-07-18"
"3004","2011-07-19"
"3005","2011-07-20"
"3006","1990-01-09"
"3007","2011-07-21"
"3008","1990-01-10"
"3009","2011-07-22"
"3010","2011-07-25"
"3011","2011-07-26"
"3012","2011-07-27"
"3013","1996-11-22"
"3014","1998-07-01"
"3015","1988-12-02"
"3016","2011-07-28"
"3017","2011-07-29"
"3018","2011-09-19"
"3019","2011-09-20"
"3020","2011-09-21"
"3021","2011-09-23"
"3022","2011-09-22"
"3023","2011-09-26"
"3024","1996-11-26"
"3025","2011-09-27"
"3026","2011-09-28"
"3027","2011-09-29"
"3028","2011-09-30"
"3029","2011-10-03"
"3030","2011-10-04"
"3031","2011-10-05"
"3032","1992-05-28"
"3033","1992-05-29"
"3034","2011-10-07"
"3035","1994-11-03"
"3036","1992-12-11"
"3037","1992-12-14"
"3038","1992-12-15"
"3039","2011-10-10"
"3040","2011-10-11"
"3041","2011-10-06"
"3042","2011-10-12"
"3043","2011-10-13"
"3044","2011-10-14"
"3045","2011-10-17"
"3046","1994-11-04"
"3047","2011-10-18"
"3048","2011-10-19"
"3049","2011-10-20"
"3050","2011-10-21"
"3051","2011-10-24"
"3052","2011-10-25"
"3053","2011-10-26"
"3054","2011-10-27"
"3055","2011-10-28"
"3056","2011-10-31"
"3057","1989-10-06"
"3058","2011-11-01"
"3059","2011-11-02"
"3060","2011-11-03"
"3061","2011-11-04"
"3062","2011-11-07"
"3063","2011-11-09"
"3064","2011-11-08"
"3065","2011-11-11"
"3066","2011-11-10"
"3067","2011-11-14"
"3068","1996-11-25"
"3069","2011-11-15"
"3070","2011-11-16"
"3071","2011-11-17"
"3072","2011-11-18"
"3073","2011-11-21"
"3074","2011-11-22"
"3075","2011-11-23"
"3076","2011-11-25"
"3077","2011-11-24"
"3078","2011-11-28"
"3079","2005-06-06"
"3080","2011-11-29"
"3081","2011-11-30"
"3082","2011-12-02"
"3083","2011-12-01"
"3084","2011-12-05"
"3085","2011-12-06"
"3086","1989-10-17"
"3087","2011-12-07"
"3088","2011-12-08"
"3089","2011-12-09"
"3090","2005-06-07"
"3091","2011-12-12"
"3092","2011-12-13"
"3093","2011-12-14"
"3094","2011-12-15"
"3095","2011-12-16"
"3096","1992-12-16"
"3097","2011-12-19"
"3098","2011-12-20"
"3099","2011-12-21"
"3100","2011-12-22"
"3101","2005-06-08"
"3102","2011-12-23"
"3103","2011-12-26"
"3104","2011-12-27"
"3105","2011-12-28"
"3106","1989-10-18"
"3107","2011-12-30"
"3108","2011-12-29"
"3109","2012-01-02"
"3110","2012-01-03"
"3111","2012-01-04"
"3112","2004-10-27"
"3113","1989-10-27"
"3114","2012-01-05"
"3115","2012-01-06"
"3116","2012-01-09"
"3117","2012-01-10"
"3118","2012-01-11"
"3119","2012-01-13"
"3120","2012-01-16"
"3121","2012-01-12"
"3122","2012-01-17"
"3123","2012-01-18"
"3124","2005-06-09"
"3125","2012-01-19"
"3126","2012-01-20"
"3127","2012-01-23"
"3128","2012-01-24"
"3129","2012-01-25"
"3130","2012-01-26"
"3131","2012-01-27"
"3132","2012-01-31"
"3133","2012-01-30"
"3134","2012-02-01"
"3135","2005-06-10"
"3136","2012-02-02"
"3137","2012-02-03"
"3138","2012-02-06"
"3139","2012-02-07"
"3140","2012-02-08"
"3141","2012-02-09"
"3142","2012-02-10"
"3143","2012-02-13"
"3144","2012-02-14"
"3145","2012-02-15"
"3146","1996-11-18"
"3147","2012-02-17"
"3148","2012-02-16"
"3149","2012-02-20"
"3150","2012-02-21"
"3151","2012-02-22"
"3152","2012-02-23"
"3153","2012-02-24"
"3154","2012-02-27"
"3155","2012-02-28"
"3156","2012-02-29"
"3157","1996-11-21"
"3158","2012-03-02"
"3159","2012-03-01"
"3160","2012-03-14"
"3161","2012-03-05"
"3162","2012-03-06"
"3163","2012-03-07"
"3164","2012-03-09"
"3165","2012-03-08"
"3166","2012-03-12"
"3167","2012-03-13"
"3168","2001-07-12"
"3169","2012-03-15"
"3170","2012-03-16"
"3171","2012-03-19"
"3172","2012-03-20"
"3173","2012-03-21"
"3174","2012-03-22"
"3175","2012-03-23"
"3176","2012-03-26"
"3177","2012-03-27"
"3178","2012-03-28"
"3179","1996-11-19"
"3180","2012-03-29"
"3181","2012-03-30"
"3182","2012-04-02"
"3183","2012-04-03"
"3184","2012-04-04"
"3185","2012-04-05"
"3186","2012-04-06"
"3187","2012-04-09"
"3188","2012-04-10"
"3189","2012-04-11"
"3190","2005-06-13"
"3191","2012-04-12"
"3192","2012-04-13"
"3193","1996-09-19"
"3194","2012-04-16"
"3195","2012-04-17"
"3196","2012-04-18"
"3197","1996-09-20"
"3198","2012-04-20"
"3199","2012-04-19"
"3200","2012-04-23"
"3201","2005-06-14"
"3202","2012-04-24"
"3203","1996-09-23"
"3204","2012-04-25"
"3205","2012-04-26"
"3206","2012-04-27"
"3207","2012-05-01"
"3208","2012-04-30"
"3209","2012-05-02"
"3210","2012-05-03"
"3211","2012-05-04"
"3212","1996-11-20"
"3213","2012-05-07"
"3214","2012-05-08"
"3215","2012-05-09"
"3216","2012-05-11"
"3217","2012-05-10"
"3218","2012-05-14"
"3219","2012-05-15"
"3220","2012-05-16"
"3221","2012-05-18"
"3222","2012-05-21"
"3223","2004-10-28"
"3224","2005-06-15"
"3225","2012-05-22"
"3226","2012-05-17"
"3227","2012-05-23"
"3228","2012-05-24"
"3229","2012-05-25"
"3230","2012-05-28"
"3231","2012-05-29"
"3232","2012-05-30"
"3233","2012-05-31"
"3234","2012-06-01"
"3235","1989-11-03"
"3236","2012-06-04"
"3237","2012-06-05"
"3238","2012-06-06"
"3239","2012-06-08"
"3240","2012-06-07"
"3241","2012-06-11"
"3242","2012-06-12"
"3243","2012-06-13"
"3244","2012-06-15"
"3245","2012-06-18"
"3246","1989-11-06"
"3247","2012-06-14"
"3248","2012-06-19"
"3249","2012-06-20"
"3250","2012-06-21"
"3251","2012-06-22"
"3252","2012-06-25"
"3253","2012-06-26"
"3254","2012-06-27"
"3255","1998-05-25"
"3256","2012-06-28"
"3257","2001-09-06"
"3258","2012-06-29"
"3259","1997-01-30"
"3260","2012-07-02"
"3261","2012-07-03"
"3262","1986-10-10"
"3263","2012-07-04"
"3264","1997-02-18"
"3265","2012-07-06"
"3266","2012-07-09"
"3267","2012-07-05"
"3268","2005-06-16"
"3269","1986-10-08"
"3270","1997-02-19"
"3271","2012-07-10"
"3272","1987-02-05"
"3273","2012-07-11"
"3274","2012-07-12"
"3275","2012-07-13"
"3276","1992-03-18"
"3277","2012-07-16"
"3278","1996-10-14"
"3279","1989-11-07"
"3280","2012-07-17"
"3281","1995-09-06"
"3282","1985-12-11"
"3283","2012-07-18"
"3284","1993-11-09"
"3285","1996-09-13"
"3286","2012-07-19"
"3287","2012-07-23"
"3288","2012-07-20"
"3289","2012-07-24"
"3290","1998-06-12"
"3291","1992-04-10"
"3292","2012-07-25"
"3293","1994-10-27"
"3294","2012-07-27"
"3295","2012-07-30"
"3296","2012-07-31"
"3297","2012-08-01"
"3298","2012-08-03"
"3299","2012-07-26"
"3300","2012-08-02"
"3301","2005-06-17"
"3302","1987-02-02"
"3303","2012-09-17"
"3304","2012-09-18"
"3305","2012-09-19"
"3306","2012-09-20"
"3307","2012-09-21"
"3308","2012-09-24"
"3309","2012-09-25"
"3310","2012-09-26"
"3311","2012-09-27"
"3312","1996-07-15"
"3313","2012-09-28"
"3314","2012-10-01"
"3315","2012-10-02"
"3316","2012-10-03"
"3317","2012-10-04"
"3318","2012-10-05"
"3319","2012-10-08"
"3320","2012-10-09"
"3321","2012-10-10"
"3322","2012-10-12"
"3323","1996-07-16"
"3324","2012-10-15"
"3325","2012-10-16"
"3326","2012-10-17"
"3327","2012-10-11"
"3328","2012-10-18"
"3329","2012-10-19"
"3330","2012-10-22"
"3331","2012-10-23"
"3332","2012-10-24"
"3333","2012-10-25"
"3334","2004-09-09"
"3335","2004-10-29"
"3336","1996-07-17"
"3337","2012-10-26"
"3338","2012-10-29"
"3339","2012-10-30"
"3340","2012-10-31"
"3341","2012-11-01"
"3342","2012-11-02"
"3343","2012-11-05"
"3344","2012-11-06"
"3345","2012-11-07"
"3346","2012-11-09"
"3347","2005-06-20"
"3348","2012-11-08"
"3349","2012-11-13"
"3350","2012-11-12"
"3351","2012-11-14"
"3352","2012-11-16"
"3353","2012-11-15"
"3354","2012-11-19"
"3355","2012-11-20"
"3356","2012-11-21"
"3357","2012-11-22"
"3358","2001-09-07"
"3359","2012-11-23"
"3360","2012-11-26"
"3361","2012-11-27"
"3362","2012-11-28"
"3363","2012-11-29"
"3364","2012-11-30"
"3365","2012-12-03"
"3366","2012-12-04"
"3367","2012-12-05"
"3368","2012-12-06"
"3369","2001-09-11"
"3370","2012-12-07"
"3371","2012-12-10"
"3372","2012-12-11"
"3373","2012-12-12"
"3374","2012-12-14"
"3375","2012-12-17"
"3376","2012-12-18"
"3377","2012-12-13"
"3378","2012-12-19"
"3379","2012-12-20"
"3380","2001-09-10"
"3381","2012-12-21"
"3382","2012-12-24"
"3383","2012-12-25"
"3384","2012-12-26"
"3385","2012-12-28"
"3386","2012-12-31"
"3387","2013-01-01"
"3388","2012-12-27"
"3389","2013-01-02"
"3390","2013-01-03"
"3391","2005-06-21"
"3392","2013-01-04"
"3393","2013-01-07"
"3394","2013-01-08"
"3395","2013-01-09"
"3396","2013-01-11"
"3397","2013-01-10"
"3398","2013-01-14"
"3399","2013-01-15"
"3400","2013-01-16"
"3401","2013-01-17"
"3402","1996-07-18"
"3403","2013-01-18"
"3404","2013-01-21"
"3405","2013-01-22"
"3406","2013-01-23"
"3407","2013-01-24"
"3408","2013-01-25"
"3409","2013-01-28"
"3410","2013-01-29"
"3411","2013-01-30"
"3412","2013-01-31"
"3413","2001-09-12"
"3414","2013-02-01"
"3415","2013-02-05"
"3416","2013-02-04"
"3417","2013-02-06"
"3418","2013-02-07"
"3419","2013-02-08"
"3420","2013-02-11"
"3421","2013-02-12"
"3422","2013-02-13"
"3423","2013-02-14"
"3424","2005-06-22"
"3425","1986-09-08"
"3426","2013-02-15"
"3427","2013-02-18"
"3428","1987-03-23"
"3429","2013-02-19"
"3430","1987-03-02"
"3431","2013-02-20"
"3432","2013-02-21"
"3433","2013-02-22"
"3434","1986-09-12"
"3435","2001-09-05"
"3436","2013-02-25"
"3437","1986-09-24"
"3438","2013-02-26"
"3439","2013-02-27"
"3440","1986-09-29"
"3441","2013-02-28"
"3442","2013-03-01"
"3443","1987-01-29"
"3444","2013-03-04"
"3445","1987-05-22"
"3446","2004-11-01"
"3447","2005-06-23"
"3448","2013-03-05"
"3449","2013-03-06"
"3450","1995-05-30"
"3451","1994-10-07"
"3452","2013-03-07"
"3453","2013-03-08"
"3454","2013-03-11"
"3455","1993-11-02"
"3456","2013-03-12"
"3457","1989-11-20"
"3458","2005-06-24"
"3459","2013-03-13"
"3460","1991-03-20"
"3461","2013-03-14"
"3462","2013-03-15"
"3463","2013-03-18"
"3464","1996-02-23"
"3465","2013-03-19"
"3466","1996-02-22"
"3467","2013-03-20"
"3468","1990-10-30"
"3469","1989-11-09"
"3470","1990-10-31"
"3471","2013-03-21"
"3472","2013-03-22"
"3473","1995-10-06"
"3474","2013-03-26"
"3475","1992-01-20"
"3476","2013-03-25"
"3477","1992-09-10"
"3478","2013-03-27"
"3479","2013-03-28"
"3480","1989-11-10"
"3481","1992-09-07"
"3482","2013-03-29"
"3483","2013-04-01"
"3484","2013-04-02"
"3485","2013-04-03"
"3486","1992-10-19"
"3487","2013-04-05"
"3488","2013-04-04"
"3489","1993-02-10"
"3490","2013-04-08"
"3491","2005-06-27"
"3492","2013-04-09"
"3493","1996-06-12"
"3494","2013-04-11"
"3495","2013-04-10"
"3496","1996-06-13"
"3497","2013-04-12"
"3498","1995-12-13"
"3499","2013-04-15"
"3500","1996-10-10"
"3501","2013-04-16"
"3502","1989-11-13"
"3503","2013-04-17"
"3504","2013-04-18"
"3505","1996-05-27"
"3506","2013-04-19"
"3507","1997-01-08"
"3508","2013-04-22"
"3509","2013-04-23"
"3510","1986-11-03"
"3511","1986-11-04"
"3512","2013-04-24"
"3513","2005-06-28"
"3514","2013-04-25"
"3515","2013-04-26"
"3516","1995-09-04"
"3517","2013-04-29"
"3518","1993-07-07"
"3519","2013-04-30"
"3520","1993-03-16"
"3521","1993-06-18"
"3522","1992-09-14"
"3523","2013-05-01"
"3524","1989-11-15"
"3525","2013-05-02"
"3526","2013-05-03"
"3527","2013-05-06"
"3528","2013-05-07"
"3529","1992-09-15"
"3530","1993-05-27"
"3531","2013-05-08"
"3532","2013-05-09"
"3533","2013-05-10"
"3534","1993-07-12"
"3535","2005-06-29"
"3536","2013-05-13"
"3537","2013-05-14"
"3538","1993-02-25"
"3539","1993-02-26"
"3540","2013-05-15"
"3541","2013-05-16"
"3542","2013-05-17"
"3543","2013-05-20"
"3544","1988-02-18"
"3545","1988-02-19"
"3546","1989-11-16"
"3547","2013-05-21"
"3548","2013-05-22"
"3549","1994-02-03"
"3550","2013-05-23"
"3551","2013-05-24"
"3552","2013-05-28"
"3553","2013-05-27"
"3554","2013-05-29"
"3555","2013-05-30"
"3556","2013-05-31"
"3557","2004-11-03"
"3558","1989-11-17"
"3559","2013-06-03"
"3560","2013-06-04"
"3561","2013-06-05"
"3562","2013-06-06"
"3563","2013-06-07"
"3564","1996-05-22"
"3565","1996-06-17"
"3566","2013-06-11"
"3567","2013-06-10"
"3568","1996-06-18"
"3569","2005-06-30"
"3570","2013-06-12"
"3571","2013-06-13"
"3572","2013-06-14"
"3573","1987-03-12"
"3574","1987-03-13"
"3575","2013-06-17"
"3576","2013-06-18"
"3577","1987-03-16"
"3578","2013-06-19"
"3579","1987-03-17"
"3580","2005-07-01"
"3581","1987-03-18"
"3582","2013-06-20"
"3583","2013-06-21"
"3584","1993-11-11"
"3585","1993-11-10"
"3586","1993-11-08"
"3587","1993-11-12"
"3588","1994-12-22"
"3589","2013-06-24"
"3590","2013-06-25"
"3591","1996-04-12"
"3592","1986-04-10"
"3593","2013-06-26"
"3594","1995-12-01"
"3595","1985-09-09"
"3596","2013-06-27"
"3597","2013-06-28"
"3598","1987-06-12"
"3599","2013-07-01"
"3600","1993-06-22"
"3601","2013-07-02"
"3602","2005-07-04"
"3603","1987-01-15"
"3604","2003-07-04"
"3605","2013-07-03"
"3606","2013-07-04"
"3607","1987-01-30"
"3608","2013-07-05"
"3609","1987-01-28"
"3610","1987-01-16"
"3611","2013-07-08"
"3612","1984-12-14"
"3613","1996-04-15"
"3614","2013-07-10"
"3615","1985-10-29"
"3616","2013-07-09"
"3617","2013-07-11"
"3618","1985-12-20"
"3619","2013-07-12"
"3620","1985-11-26"
"3621","2013-07-15"
"3622","1985-12-23"
"3623","2013-07-16"
"3624","2005-07-05"
"3625","1985-12-24"
"3626","1985-11-25"
"3627","2013-07-17"
"3628","2013-07-18"
"3629","1986-11-24"
"3630","1986-12-11"
"3631","2013-07-19"
"3632","1985-12-10"
"3633","2013-07-22"
"3634","1986-01-14"
"3635","1996-03-27"
"3636","2013-07-23"
"3637","1986-01-08"
"3638","1990-09-05"
"3639","1985-12-06"
"3640","2013-07-24"
"3641","1987-04-29"
"3642","2013-07-26"
"3643","1986-05-19"
"3644","2013-07-29"
"3645","1986-02-26"
"3646","2005-07-06"
"3647","2013-07-30"
"3648","1986-02-27"
"3649","1987-05-25"
"3650","1987-10-08"
"3652","2013-07-31"
"3653","1987-11-02"
"3654","2013-08-02"
"3655","1989-06-19"
"3656","1988-10-14"
"3657","2001-09-13"
"3658","1989-01-30"
"3659","1989-01-31"
"3660","1989-02-01"
"3661","2013-07-25"
"3662","2013-08-01"
"3663","1989-02-02"
"3664","1989-02-03"
"3665","1988-12-30"
"3666","1988-12-29"
"3667","1991-05-24"
"3668","2004-11-04"
"3669","2001-09-14"
"3670","1992-01-23"
"3671","1990-04-09"
"3672","1989-01-26"
"3673","1990-04-11"
"3674","1990-04-12"
"3675","1994-09-07"
"3676","1992-02-06"
"3677","1986-12-10"
"3678","2013-09-16"
"3679","2013-09-17"
"3680","2005-07-07"
"3681","2013-09-18"
"3682","2013-09-20"
"3683","2013-09-19"
"3684","2013-09-23"
"3685","2013-09-24"
"3686","2013-09-25"
"3687","2013-09-26"
"3688","2013-09-27"
"3689","2013-09-30"
"3690","2013-10-01"
"3691","1996-03-28"
"3692","2013-10-04"
"3693","2013-10-08"
"3694","2013-10-02"
"3695","2013-10-03"
"3696","2013-10-11"
"3697","2013-10-09"
"3698","2013-10-14"
"3699","2013-10-10"
"3700","2013-10-15"
"3701","2013-10-16"
"3702","2005-07-08"
"3703","2013-10-17"
"3704","2013-10-18"
"3705","2013-10-21"
"3706","2013-10-22"
"3707","2013-10-07"
"3708","2013-10-23"
"3709","2013-10-24"
"3710","2013-10-25"
"3711","2013-10-28"
"3712","2013-10-29"
"3713","1994-11-29"
"3714","2013-10-30"
"3715","2013-10-31"
"3716","2013-11-01"
"3717","2013-11-04"
"3718","2013-11-05"
"3719","2013-11-06"
"3720","2013-11-07"
"3721","2013-11-08"
"3722","2013-11-11"
"3723","2013-11-12"
"3724","2001-09-17"
"3725","2013-11-13"
"3726","2013-11-14"
"3727","2013-11-15"
"3728","2013-11-18"
"3729","2013-11-19"
"3730","2013-11-20"
"3731","2013-11-21"
"3732","2013-11-22"
"3733","2013-11-25"
"3734","2013-11-26"
"3735","2001-09-18"
"3736","2013-11-27"
"3737","2013-11-28"
"3738","2013-11-29"
"3739","2013-12-02"
"3740","2013-12-03"
"3741","2013-12-04"
"3742","2013-12-05"
"3743","2013-12-06"
"3744","2013-12-09"
"3745","2013-12-10"
"3746","2001-09-19"
"3747","2013-12-11"
"3748","2013-12-12"
"3749","2013-12-13"
"3750","2013-12-16"
"3751","2013-12-18"
"3752","2013-12-17"
"3753","2013-12-19"
"3754","2013-12-20"
"3755","2013-12-23"
"3756","2013-12-25"
"3757","1996-01-30"
"3758","2013-12-24"
"3759","2013-12-27"
"3760","2013-12-26"
"3761","2013-12-30"
"3762","2013-12-31"
"3763","2014-01-01"
"3764","2014-01-02"
"3765","2014-01-06"
"3766","2014-01-03"
"3767","2014-01-07"
"3768","2005-07-11"
"3769","2014-01-08"
"3770","2014-01-10"
"3771","2014-01-09"
"3772","2014-01-14"
"3773","2014-01-13"
"3774","1987-02-03"
"3775","2014-01-15"
"3776","2014-01-16"
"3777","2014-01-17"
"3778","2014-01-21"
"3779","2004-11-05"
"3780","1994-11-30"
"3781","2014-01-20"
"3782","1990-10-01"
"3783","2014-01-22"
"3784","1991-02-07"
"3785","1992-10-14"
"3786","2014-01-23"
"3787","2014-01-24"
"3788","1987-06-22"
"3789","2014-01-28"
"3790","2014-01-27"
"3791","2001-09-20"
"3792","1989-05-08"
"3793","2014-01-29"
"3794","1988-05-05"
"3795","2014-01-30"
"3796","1991-10-11"
"3797","2014-01-31"
"3798","2014-02-03"
"3799","2014-02-04"
"3800","1993-05-13"
"3801","2014-02-05"
"3802","2005-07-12"
"3803","2014-02-06"
"3804","2014-02-07"
"3805","2014-02-10"
"3806","2014-02-11"
"3807","2014-02-12"
"3808","2014-02-13"
"3809","2014-02-14"
"3810","1993-10-27"
"3811","2014-02-17"
"3812","2014-02-18"
"3813","1996-01-31"
"3814","2014-02-19"
"3815","2014-02-20"
"3816","2014-02-21"
"3817","2014-02-24"
"3818","2014-02-25"
"3819","2014-02-26"
"3820","2014-02-27"
"3821","2014-02-28"
"3822","2014-03-03"
"3823","2014-03-04"
"3824","2005-07-13"
"3825","2014-03-05"
"3826","2014-03-06"
"3827","2014-03-07"
"3828","2014-03-10"
"3829","2014-03-11"
"3830","2014-03-12"
"3831","2014-03-13"
"3832","2014-03-14"
"3833","2014-03-17"
"3834","2014-03-18"
"3835","1996-02-02"
"3836","2014-03-19"
"3837","2014-03-21"
"3838","1991-05-22"
"3839","2014-03-24"
"3840","2014-03-25"
"3841","2014-03-20"
"3842","2014-03-26"
"3843","2014-03-28"
"3844","1991-01-07"
"3845","2014-03-27"
"3846","2001-09-21"
"3847","1988-07-20"
"3848","2014-04-01"
"3849","2014-03-31"
"3850","2014-04-02"
"3851","2014-04-04"
"3852","2014-04-03"
"3853","2014-04-08"
"3854","2014-04-09"
"3855","2014-04-07"
"3856","2014-04-10"
"3857","2005-07-14"
"3858","2014-04-11"
"3859","2014-04-14"
"3860","2014-04-15"
"3861","1988-10-28"
"3862","2014-04-16"
"3863","1988-10-31"
"3864","2014-04-18"
"3865","2014-04-17"
"3866","2014-04-21"
"3867","2014-04-22"
"3868","2005-07-15"
"3869","2014-04-23"
"3870","2014-04-25"
"3871","2014-04-24"
"3872","2014-04-28"
"3873","2014-04-29"
"3874","2014-04-30"
"3875","1993-02-17"
"3876","1993-02-22"
"3877","2014-05-02"
"3878","2014-05-01"
"3879","2001-09-24"
"3880","1986-09-25"
"3881","1988-10-13"
"3882","1995-09-15"
"3883","2014-05-06"
"3884","2014-05-05"
"3885","1995-09-19"
"3886","2014-05-07"
"3887","1996-06-27"
"3888","1996-02-19"
"3889","2014-05-08"
"3890","2004-11-06"
"3891","2001-09-25"
"3892","2014-05-09"
"3893","1996-07-02"
"3894","2014-05-13"
"3895","2014-05-12"
"3896","2014-05-14"
"3897","2014-05-15"
"3898","2014-05-16"
"3899","2014-05-19"
"3900","2014-05-20"
"3901","2014-05-21"
"3902","1989-12-01"
"3903","2014-05-22"
"3904","2014-05-23"
"3905","1988-02-08"
"3906","1988-02-09"
"3907","2014-05-26"
"3908","1988-02-12"
"3909","2014-05-27"
"3910","1992-11-23"
"3911","1988-02-11"
"3912","2014-05-28"
"3913","2005-07-18"
"3914","1988-02-10"
"3915","2014-05-29"
"3916","1988-02-15"
"3917","2014-05-30"
"3918","1988-02-16"
"3919","1988-02-17"
"3920","2014-06-03"
"3921","2014-06-02"
"3922","2014-06-04"
"3923","1985-04-10"
"3924","2005-07-19"
"3925","1988-05-26"
"3926","2014-06-05"
"3927","2014-06-06"
"3928","1986-12-08"
"3929","2014-06-10"
"3930","2014-06-09"
"3931","2014-06-11"
"3932","2014-06-12"
"3933","2014-06-13"
"3934","2014-06-16"
"3935","2001-01-31"
"3936","2014-06-18"
"3937","2014-06-19"
"3938","2014-06-20"
"3939","2014-06-23"
"3940","2014-06-17"
"3941","2014-06-25"
"3942","2014-06-26"
"3943","2014-06-27"
"3944","2014-06-30"
"3945","2014-07-02"
"3946","2005-07-20"
"3947","2014-06-24"
"3948","2014-07-04"
"3949","1993-04-08"
"3950","2014-07-03"
"3951","1987-12-25"
"3952","2014-07-07"
"3953","2014-07-01"
"3954","2014-07-08"
"3955","2014-07-09"
"3956","1987-12-09"
"3957","2001-02-01"
"3958","1987-10-20"
"3959","2014-07-11"
"3960","2014-07-10"
"3961","1993-11-03"
"3962","1988-03-14"
"3963","2014-07-14"
"3964","1988-04-25"
"3965","2014-07-16"
"3966","1987-11-03"
"3967","2014-07-18"
"3968","2005-07-21"
"3969","2014-07-17"
"3970","1990-10-17"
"3971","1988-09-28"
"3972","2014-07-22"
"3973","2014-07-21"
"3974","1992-03-27"
"3975","2014-07-23"
"3976","1987-10-02"
"3977","2014-07-24"
"3978","2004-02-20"
"3979","2001-02-02"
"3980","1988-11-01"
"3981","2014-07-15"
"3982","2014-07-25"
"3983","1989-01-24"
"3984","2014-07-28"
"3985","1989-01-25"
"3986","2014-07-29"
"3987","1990-01-24"
"3988","2014-07-30"
"3989","2014-07-31"
"3990","2005-07-22"
"3991","1987-05-12"
"3992","2014-08-01"
"3993","1985-03-04"
"3994","1987-10-27"
"3995","1987-11-25"
"3996","1988-04-18"
"3997","1988-02-26"
"3998","2000-05-29"
"3999","1989-07-10"
"4000","1989-07-18"
"4001","2004-11-08"
"4002","2001-09-26"
"4003","1988-05-27"
"4004","1988-05-31"
"4005","2001-05-28"
"4006","2001-05-31"
"4007","1988-04-28"
"4008","2001-07-05"
"4009","2003-11-24"
"4010","1989-07-20"
"4011","1989-07-21"
"4012","2001-07-06"
"4013","2001-09-27"
"4015","2003-11-26"
"4016","2003-07-03"
"4017","2002-12-04"
"4018","2003-10-27"
"4024","2001-09-28"
"4025","2003-12-04"
"4033","2003-12-16"
"4035","1989-12-08"
"4036","2003-12-18"
"4038","1989-05-09"
"4040","2003-12-23"
"4046","1989-12-18"
"4050","1987-12-31"
"4051","1988-01-01"
"4052","1988-01-04"
"4053","1988-01-05"
"4054","1988-01-06"
"4055","2014-09-15"
"4056","2014-09-17"
"4057","1989-12-21"
"4058","2014-09-16"
"4059","2014-09-18"
"4060","2003-10-01"
"4061","2014-09-19"
"4068","2001-09-03"
"4072","1987-10-30"
"4075","2014-09-22"
"4076","2014-09-23"
"4077","2014-09-24"
"4079","2001-09-04"
"4089","2014-09-26"
"4090","1989-12-26"
"4091","2014-09-25"
"4092","2014-10-01"
"4093","2014-10-02"
"4094","2014-09-29"
"4095","2014-09-30"
"4096","2014-10-03"
"4097","1988-01-26"
"4098","2014-10-08"
"4099","2014-10-09"
"4100","2014-10-06"
"4101","1989-12-29"
"4102","2014-10-07"
"4103","2014-10-10"
"4104","1988-01-27"
"4105","1994-01-07"
"4106","2014-10-13"
"4107","2014-10-14"
"4108","2014-10-15"
"4109","1988-01-29"
"4110","2014-10-17"
"4111","1988-02-01"
"4112","2004-11-09"
"4113","1990-01-08"
"4114","2014-10-20"
"4115","2014-10-21"
"4116","1988-02-02"
"4117","2014-10-22"
"4118","1988-02-03"
"4119","1988-02-04"
"4120","2014-10-16"
"4121","2014-10-23"
"4122","2014-10-24"
"4123","1988-02-05"
"4124","1990-01-19"
"4125","1988-01-28"
"4126","2014-10-27"
"4127","2014-10-28"
"4128","2014-10-29"
"4129","2014-10-30"
"4130","2014-10-31"
"4131","2014-11-03"
"4132","2014-11-04"
"4133","2014-11-05"
"4134","2014-11-07"
"4135","1993-05-20"
"4136","2014-11-10"
"4137","2014-11-11"
"4138","2014-11-12"
"4139","2014-11-06"
"4140","2014-11-13"
"4141","2014-11-14"
"4142","2014-11-17"
"4143","1990-05-28"
"4144","2014-11-18"
"4145","2014-11-19"
"4146","1993-05-21"
"4147","2014-11-20"
"4148","2014-11-21"
"4149","2014-11-24"
"4150","1988-03-17"
"4151","2014-11-25"
"4152","2014-11-26"
"4153","2014-11-27"
"4154","2014-11-28"
"4155","2014-12-01"
"4156","2014-12-02"
"4157","1990-01-22"
"4158","2014-12-03"
"4159","2014-12-04"
"4160","2014-12-05"
"4161","2004-02-19"
"4162","2014-12-08"
"4163","2014-12-09"
"4164","2014-12-10"
"4165","2014-12-11"
"4166","2014-12-12"
"4167","2014-12-15"
"4168","1990-01-23"
"4169","2014-12-16"
"4170","2004-02-18"
"4171","2014-12-17"
"4172","2014-12-18"
"4173","2014-12-19"
"4174","2014-12-22"
"4175","2014-12-23"
"4179","1990-01-26"
"4181","2014-12-24"
"4182","2014-12-25"
"4188","2014-12-26"
"4189","2014-12-29"
"4190","1990-01-29"
"4191","2014-12-30"
"4192","2014-12-31"
"4193","2015-01-01"
"4194","2015-01-02"
"4195","2015-01-05"
"4196","2015-01-06"
"4197","2015-01-07"
"4198","2015-01-08"
"4199","2015-01-09"
"4200","2015-01-12"
"4201","1990-03-16"
"4202","2015-01-13"
"4203","2015-01-14"
"4204","2003-11-12"
"4205","2015-01-15"
"4206","2015-01-16"
"4207","2015-01-19"
"4208","2015-01-20"
"4209","2015-01-21"
"4210","1986-09-19"
"4211","2015-01-22"
"4212","1990-01-30"
"4213","2015-01-23"
"4214","2004-02-17"
"4215","2015-01-26"
"4216","2004-02-16"
"4217","2015-01-27"
"4218","2015-01-28"
"4219","2004-02-13"
"4220","2015-01-30"
"4221","2015-01-29"
"4222","2004-02-12"
"4223","2004-11-10"
"4224","1990-02-02"
"4225","2015-02-02"
"4226","2015-02-03"
"4227","2004-02-11"
"4228","2015-02-04"
"4229","2004-02-10"
"4231","2015-02-06"
"4232","1989-09-22"
"4233","2004-02-09"
"4234","1990-02-06"
"4235","1990-02-09"
"4236","1990-02-13"
"4237","1990-02-14"
"4238","1990-02-16"
"4239","1990-02-19"
"4240","2005-09-12"
"4241","1990-02-20"
"4242","1990-02-26"
"4243","2004-11-11"
"4244","1990-02-27"
"4245","1990-02-28"
"4246","1990-03-01"
"4247","1990-03-05"
"4248","1990-03-08"
"4249","1998-09-07"
"4250","1990-03-12"
"4251","1990-03-14"
"4252","1990-03-19"
"4253","1998-02-12"
"4254","2004-09-10"
"4255","2004-11-12"
"4256","1998-02-13"
"4257","1997-05-28"
"4258","1990-03-22"
"4259","2005-09-13"
"4260","1990-03-23"
"4261","1990-03-26"
"4262","2005-09-14"
"4263","2005-09-15"
"4264","1990-03-29"
"4265","2005-09-16"
"4266","2004-11-15"
"4267","1990-03-30"
"4268","1990-04-02"
"4269","2005-09-19"
"4270","2005-09-20"
"4271","1990-04-06"
"4272","2005-09-21"
"4273","1990-04-10"
"4274","2005-09-22"
"4275","1990-04-17"
"4276","2005-09-23"
"4277","2004-11-16"
"4278","1990-04-18"
"4279","2005-09-26"
"4280","1990-04-19"
"4281","2005-09-27"
"4282","1991-03-29"
"4283","1991-04-01"
"4284","1990-04-23"
"4285","2005-09-28"
"4286","1990-04-24"
"4287","1990-05-01"
"4288","2004-11-17"
"4289","2005-09-29"
"4290","1990-05-02"
"4291","2005-09-30"
"4292","1990-05-03"
"4293","1990-05-04"
"4294","2005-10-03"
"4295","1990-05-21"
"4296","1998-11-20"
"4297","2005-10-04"
"4298","1990-05-22"
"4299","2004-11-18"
"4300","2005-10-05"
"4301","1990-05-23"
"4302","2005-10-06"
"4303","1990-05-31"
"4304","2005-10-07"
"4305","1990-06-01"
"4306","2002-05-01"
"4307","1996-03-21"
"4308","2002-05-03"
"4309","2002-05-06"
"4310","2004-11-19"
"4311","2005-10-10"
"4312","1996-03-22"
"4313","2005-10-11"
"4314","2002-05-07"
"4315","1996-03-26"
"4316","2005-10-12"
"4317","1996-04-02"
"4318","2002-05-08"
"4319","2005-10-13"
"4320","1996-04-04"
"4321","2004-11-22"
"4322","2002-05-09"
"4323","2002-05-10"
"4324","1996-04-05"
"4325","2005-10-14"
"4326","1996-01-11"
"4327","2002-05-13"
"4328","2002-05-14"
"4329","2005-10-17"
"4330","1996-01-12"
"4331","2005-10-18"
"4332","2004-11-23"
"4333","1996-01-16"
"4334","2005-10-19"
"4335","1996-01-17"
"4336","2005-10-20"
"4337","1996-01-18"
"4338","2005-10-21"
"4339","1996-01-19"
"4340","1996-01-23"
"4341","2005-10-24"
"4342","2005-10-25"
"4343","2004-11-24"
"4344","1996-01-24"
"4345","2005-10-26"
"4346","1996-01-25"
"4347","2005-10-27"
"4348","1996-12-04"
"4349","2005-10-28"
"4350","1996-12-05"
"4351","1996-12-06"
"4352","2005-10-31"
"4353","1996-12-09"
"4354","2004-11-25"
"4355","2005-11-01"
"4356","1996-12-10"
"4357","2005-11-02"
"4358","1996-12-11"
"4359","2005-11-03"
"4360","2005-11-04"
"4361","1996-12-12"
"4362","1996-12-13"
"4363","2005-11-07"
"4364","2005-11-08"
"4365","2004-09-13"
"4366","2004-11-26"
"4367","1996-12-16"
"4368","2005-11-09"
"4369","1996-12-17"
"4370","2005-11-10"
"4371","1996-12-18"
"4372","2005-11-11"
"4373","1996-12-19"
"4374","1996-12-20"
"4375","2005-11-14"
"4376","1996-12-23"
"4377","2004-11-29"
"4378","2005-11-15"
"4379","1996-12-24"
"4380","1996-12-25"
"4381","2005-11-17"
"4382","1998-04-07"
"4383","2005-11-16"
"4384","2005-11-18"
"4385","1996-12-26"
"4386","1996-12-27"
"4387","1996-12-30"
"4388","2004-11-30"
"4389","2005-11-21"
"4390","1996-12-31"
"4391","1997-01-01"
"4392","2005-11-22"
"4393","1997-01-02"
"4394","2005-11-23"
"4395","1986-11-20"
"4396","2005-11-24"
"4397","1997-01-03"
"4398","1986-11-21"
"4399","2004-12-01"
"4400","2005-11-25"
"4401","1997-01-06"
"4402","1997-01-07"
"4403","1997-01-09"
"4404","2005-11-28"
"4405","1997-01-13"
"4406","1997-01-14"
"4407","2005-11-29"
"4408","1997-01-15"
"4409","2005-11-30"
"4410","2004-12-02"
"4411","1997-01-16"
"4412","2005-12-01"
"4413","1997-01-17"
"4414","2005-12-02"
"4415","1997-01-20"
"4416","1997-01-21"
"4417","2005-12-05"
"4418","1997-01-22"
"4419","2005-12-06"
"4420","1997-01-24"
"4421","2004-12-03"
"4422","1997-01-27"
"4423","2005-12-07"
"4424","1997-01-28"
"4425","2005-12-08"
"4426","1997-01-29"
"4427","2005-12-09"
"4428","1997-01-31"
"4429","1997-02-03"
"4430","2005-12-12"
"4431","1997-02-04"
"4432","2004-12-06"
"4433","1997-02-05"
"4434","2005-12-13"
"4435","2005-12-14"
"4436","1997-02-06"
"4437","1997-02-07"
"4438","2005-12-15"
"4439","2005-12-16"
"4440","1997-02-10"
"4441","1997-02-11"
"4442","2005-12-19"
"4443","2004-12-07"
"4444","1997-02-12"
"4445","2005-12-20"
"4446","1997-02-13"
"4447","1997-02-14"
"4448","2005-12-21"
"4449","2005-12-22"
"4450","2005-12-23"
"4451","1997-02-20"
"4452","1997-02-21"
"4453","2005-12-26"
"4454","2004-12-08"
"4455","1997-02-24"
"4456","2005-12-27"
"4457","1997-02-25"
"4458","2005-12-28"
"4459","1997-02-26"
"4460","1995-11-24"
"4461","2005-12-29"
"4462","2005-12-30"
"4463","1997-02-27"
"4464","1997-02-28"
"4465","2004-12-09"
"4466","2006-01-02"
"4467","2006-01-03"
"4468","1997-03-03"
"4469","1997-03-06"
"4470","2006-01-04"
"4471","1990-11-05"
"4472","1997-03-07"
"4473","2006-01-05"
"4474","1997-03-10"
"4475","2006-01-06"
"4476","2004-09-14"
"4477","2004-12-10"
"4478","1997-09-12"
"4479","1997-09-15"
"4480","1997-09-16"
"4481","2006-01-09"
"4482","1997-09-17"
"4483","2006-01-10"
"4484","1997-09-18"
"4485","2006-01-11"
"4486","1997-09-22"
"4487","1990-11-07"
"4488","2004-12-13"
"4489","1997-09-23"
"4490","2006-01-12"
"4491","1990-11-08"
"4492","1997-09-24"
"4493","2006-01-13"
"4494","1990-11-09"
"4495","1997-09-25"
"4496","2001-07-13"
"4497","1997-06-04"
"4498","1997-06-05"
"4499","2004-12-14"
"4500","2006-01-16"
"4501","1997-06-06"
"4502","2006-01-17"
"4503","1997-06-09"
"4504","1990-11-12"
"4505","1997-06-11"
"4506","2006-01-18"
"4507","1993-12-31"
"4508","1990-11-13"
"4509","1997-06-12"
"4510","2004-12-15"
"4511","2006-01-19"
"4512","1990-11-14"
"4513","1997-06-13"
"4514","2006-01-20"
"4515","1997-06-16"
"4516","1997-06-17"
"4517","1990-11-15"
"4518","1990-11-16"
"4519","1997-06-18"
"4520","1997-06-19"
"4521","2004-12-16"
"4522","2006-01-23"
"4523","2006-01-24"
"4524","1990-11-06"
"4525","2006-01-25"
"4526","1997-06-20"
"4527","1997-06-23"
"4528","2006-01-26"
"4529","1997-06-24"
"4530","2006-01-27"
"4531","1997-06-25"
"4532","2004-12-17"
"4533","1997-06-26"
"4534","1997-06-27"
"4535","2006-01-30"
"4536","2006-01-31"
"4537","1997-06-30"
"4538","1997-07-01"
"4539","2006-02-01"
"4540","1997-07-02"
"4541","2006-02-02"
"4542","1997-07-03"
"4543","2004-12-20"
"4544","2006-02-03"
"4545","1997-07-04"
"4546","1997-07-07"
"4547","1992-05-18"
"4548","1992-05-19"
"4549","2006-02-06"
"4550","1997-07-08"
"4551","2006-02-07"
"4552","1997-07-09"
"4553","2006-02-08"
"4554","2004-12-21"
"4555","1993-06-16"
"4556","1997-07-10"
"4557","2006-02-09"
"4558","1997-07-11"
"4559","2006-02-10"
"4560","1997-07-14"
"4561","1997-07-15"
"4562","1997-07-16"
"4563","2006-02-13"
"4564","2006-02-14"
"4565","2004-12-22"
"4566","1997-07-17"
"4567","1997-05-29"
"4568","2006-02-15"
"4569","1997-05-30"
"4570","2006-02-16"
"4571","1997-06-02"
"4572","1997-06-03"
"4573","2006-02-17"
"4574","1993-05-14"
"4575","1997-05-27"
"4576","1997-12-30"
"4577","1998-07-17"
"4578","2006-02-20"
"4579","1998-09-08"
"4580","1998-09-09"
"4581","2006-02-21"
"4582","1998-09-10"
"4583","2006-02-22"
"4584","1998-09-11"
"4585","1998-09-14"
"4586","2006-02-23"
"4587","2004-09-15"
"4588","1997-12-31"
"4589","1992-05-20"
"4590","1992-05-21"
"4591","1992-05-22"
"4592","1998-09-15"
"4593","2006-02-24"
"4594","1998-09-16"
"4595","1998-09-17"
"4596","1998-09-18"
"4597","2006-02-27"
"4598","2006-02-28"
"4599","1987-11-09"
"4600","1998-09-21"
"4601","2006-03-01"
"4602","1998-09-22"
"4603","1998-09-23"
"4604","2006-03-02"
"4605","1998-09-24"
"4606","2003-01-08"
"4607","2006-03-03"
"4608","1998-09-25"
"4609","2003-01-10"
"4610","2004-12-23"
"4611","1998-09-28"
"4612","1998-09-29"
"4613","2006-03-06"
"4614","1998-09-30"
"4615","2006-03-07"
"4616","1998-10-01"
"4617","1998-10-02"
"4618","2006-03-08"
"4619","1998-10-05"
"4620","2006-03-09"
"4621","1987-11-10"
"4622","1998-10-06"
"4623","2006-03-10"
"4624","1998-10-08"
"4625","1998-10-09"
"4626","1998-10-12"
"4627","1998-10-13"
"4628","2006-03-13"
"4629","2006-03-14"
"4630","1998-10-14"
"4631","1998-10-15"
"4632","1987-11-12"
"4633","2006-03-15"
"4634","1998-10-16"
"4635","1998-10-19"
"4636","2006-03-16"
"4637","2006-03-17"
"4638","1998-10-20"
"4639","1998-10-21"
"4640","2001-07-16"
"4641","1998-10-22"
"4642","2006-03-20"
"4643","1987-11-11"
"4644","1998-10-23"
"4645","2006-03-21"
"4646","1998-10-26"
"4647","2006-03-22"
"4648","1998-10-27"
"4649","1998-10-28"
"4650","2006-03-23"
"4651","1998-10-29"
"4652","2006-03-24"
"4653","1998-10-30"
"4654","1998-01-02"
"4655","2003-04-11"
"4656","2003-04-10"
"4657","2001-07-17"
"4658","1998-01-29"
"4659","1998-01-30"
"4660","1998-11-02"
"4661","1998-11-03"
"4662","1998-11-04"
"4663","2003-04-14"
"4664","2006-03-27"
"4665","2004-12-24"
"4666","1998-11-05"
"4667","2006-03-28"
"4668","1998-11-06"
"4669","2006-03-29"
"4670","1998-11-09"
"4671","1998-11-10"
"4672","2006-03-30"
"4673","1998-11-11"
"4674","2001-07-18"
"4675","2006-03-31"
"4676","1998-04-06"
"4677","1998-11-12"
"4678","1998-11-13"
"4679","2006-04-03"
"4680","1998-11-16"
"4681","1998-11-17"
"4682","2006-04-04"
"4683","1998-11-18"
"4684","2006-04-05"
"4685","1998-11-19"
"4686","1998-11-23"
"4687","2004-12-27"
"4688","1998-11-24"
"4689","2006-04-07"
"4690","2006-04-06"
"4691","1998-11-25"
"4692","2003-04-15"
"4693","2003-04-16"
"4694","1998-11-26"
"4695","2002-09-09"
"4696","2006-04-10"
"4697","1998-11-27"
"4698","2004-09-16"
"4699","1998-01-05"
"4700","1985-11-21"
"4701","2006-04-11"
"4702","1985-11-22"
"4703","1998-11-30"
"4704","2006-04-12"
"4705","1998-12-01"
"4706","2006-04-13"
"4707","2002-09-03"
"4708","2002-09-04"
"4709","1998-12-02"
"4710","2004-12-28"
"4711","2006-04-14"
"4712","2000-07-03"
"4713","1998-12-03"
"4714","2006-04-17"
"4715","1998-12-04"
"4716","2006-04-18"
"4717","1998-12-07"
"4718","2006-04-19"
"4719","2006-04-20"
"4720","1998-12-08"
"4721","1987-11-13"
"4722","2004-07-23"
"4723","1998-04-15"
"4724","1998-12-09"
"4725","2006-04-21"
"4726","1998-12-10"
"4727","1998-12-11"
"4728","1998-12-14"
"4729","2006-04-24"
"4730","2002-07-03"
"4731","1998-12-15"
"4732","1987-11-16"
"4733","2006-04-25"
"4734","2002-07-04"
"4735","1998-12-16"
"4736","2006-04-26"
"4737","2002-11-27"
"4738","1998-12-17"
"4739","2006-04-27"
"4740","1998-12-18"
"4741","2006-04-28"
"4742","1998-12-21"
"4743","2004-12-29"
"4744","1990-07-14"
"4745","1998-12-22"
"4746","1998-04-16"
"4747","2006-05-01"
"4748","2006-05-02"
"4749","1998-12-23"
"4750","2006-05-03"
"4751","1998-12-24"
"4752","1990-07-07"
"4753","2006-05-04"
"4754","2004-12-30"
"4755","2006-05-05"
"4756","2002-11-28"
"4757","1998-12-25"
"4758","1998-04-20"
"4759","2006-05-08"
"4760","1998-04-21"
"4761","2006-05-09"
"4762","1998-12-28"
"4763","2006-05-10"
"4764","2006-05-11"
"4765","2004-12-31"
"4766","1998-04-09"
"4767","1998-12-29"
"4768","2006-05-12"
"4769","2002-11-29"
"4770","1998-12-30"
"4771","2006-05-15"
"4772","2006-05-16"
"4773","1998-12-31"
"4774","2006-05-17"
"4775","2006-05-18"
"4776","2005-01-03"
"4777","1999-01-04"
"4778","2006-05-19"
"4779","1999-01-05"
"4780","2006-05-22"
"4781","2002-12-02"
"4782","2006-05-23"
"4783","1999-01-06"
"4784","2006-05-24"
"4785","1999-01-07"
"4786","2006-05-25"
"4787","2005-01-04"
"4788","2006-05-26"
"4789","1999-01-08"
"4790","1999-01-11"
"4791","2006-05-29"
"4792","2006-05-30"
"4793","2000-07-07"
"4794","2006-05-31"
"4795","2000-07-10"
"4796","2001-10-01"
"4797","2001-10-02"
"4798","2005-01-05"
"4799","2001-10-03"
"4800","2001-10-04"
"4801","2001-10-05"
"4802","2006-06-01"
"4803","2000-07-11"
"4804","2006-06-02"
"4805","2001-10-08"
"4806","2001-10-09"
"4807","2001-10-10"
"4808","2001-10-11"
